<?xml version="1.0" encoding="UTF-8" standalone="yes"?>
<espd-req:ESPDRequest xmlns:espd-cbc="urn:grow:names:specification:ubl:schema:xsd:ESPD-CommonBasicComponents-1" xmlns:ext="urn:oasis:names:specification:ubl:schema:xsd:CommonExtensionComponents-2" xmlns:cev="urn:isa:names:specification:ubl:schema:xsd:CEV-CommonAggregateComponents-1" xmlns:espd-cac="urn:grow:names:specification:ubl:schema:xsd:ESPD-CommonAggregateComponents-1" xmlns:cbc="urn:oasis:names:specification:ubl:schema:xsd:CommonBasicComponents-2" xmlns:cev-cbc="urn:isa:names:specification:ubl:schema:xsd:CEV-CommonBasicComponents-1" xmlns:cac="urn:oasis:names:specification:ubl:schema:xsd:CommonAggregateComponents-2" xmlns:espd="urn:grow:names:specification:ubl:schema:xsd:ESPDResponse-1" xmlns:espd-req="urn:grow:names:specification:ubl:schema:xsd:ESPDRequest-1" xmlns:ccv="urn:isa:names:specification:ubl:schema:xsd:CCV-CommonAggregateComponents-1" xmlns:ccv-cbc="urn:isa:names:specification:ubl:schema:xsd:CCV-CommonBasicComponents-1">
    <cbc:UBLVersionID schemeAgencyID="OASIS-UBL-TC">2.1</cbc:UBLVersionID>
    <cbc:CustomizationID schemeName="CustomizationID" schemeAgencyID="BII" schemeVersionID="3.0">urn:www.cenbii.eu:transaction:biitrns070:ver3.0</cbc:CustomizationID>
    <cbc:ID schemeID="ISO/IEC 9834-8:2008 - 4UUID" schemeAgencyID="EU-COM-GROW" schemeAgencyName="DG GROW (European Commission)" schemeVersionID="1.1">25f93293-ed71-4e7a-b03e-3f6025c95b1f</cbc:ID>
    <cbc:CopyIndicator>false</cbc:CopyIndicator>
    <cbc:VersionID schemeAgencyID="EU-COM-GROW">1.0.2</cbc:VersionID>
    <cbc:IssueDate>2025-06-30</cbc:IssueDate>
    <cbc:IssueTime>10:48:12</cbc:IssueTime>
    <cbc:ContractFolderID schemeAgencyID="TeD">ZP.271.2.79.2025.DK</cbc:ContractFolderID>
    <cac:ContractingParty>
        <cac:Party>
            <cac:PartyName>
                <cbc:Name>Miasto Bielsko-Biała Urząd Miejski w Bielsku-Białej</cbc:Name>
            </cac:PartyName>
            <cac:PostalAddress>
                <cac:Country>
                    <cbc:IdentificationCode listID="CountryCodeIdentifier" listAgencyID="EU-COM-GROW" listName="CountryCodeIdentifier" listVersionID="1.0.2">PL</cbc:IdentificationCode>
                </cac:Country>
            </cac:PostalAddress>
            <cac:Contact/>
        </cac:Party>
    </cac:ContractingParty>
    <cac:ProcurementProjectLot>
        <cbc:ID schemeAgencyID="EU-COM-GROW">0</cbc:ID>
    </cac:ProcurementProjectLot>
    <ccv:Criterion>
        <cbc:ID schemeID="CriteriaID" schemeAgencyID="EU-COM-GROW" schemeVersionID="1.0">005eb9ed-1347-4ca3-bb29-9bc0db64e1ab</cbc:ID>
        <cbc:TypeCode listID="CriteriaTypeCode" listAgencyID="EU-COM-GROW" listVersionID="1.0.2">CRITERION.EXCLUSION.CONVICTIONS.PARTICIPATION_IN_CRIMINAL_ORGANISATION</cbc:TypeCode>
        <cbc:Name>Participation in a criminal organisation</cbc:Name>
        <cbc:Description>Has the economic operator itself or any person who is a member of its administrative, management or supervisory body or has powers of representation, decision or control therein been the subject of a conviction by final judgment for participation in a criminal organisation, by a conviction rendered at the most five years ago or in which an exclusion period set out directly in the conviction continues to be applicable? As defined in Article 2 of Council Framework Decision 2008/841/JHA of 24 October 2008 on the fight against organised crime (OJ L 300, 11.11.2008, p. 42).</cbc:Description>
        <ccv:LegislationReference>
            <ccv-cbc:Title>DIRECTIVE 2014/24/EU OF THE EUROPEAN PARLIAMENT AND OF THE COUNCIL of 26 February 2014 on public procurement and repealing Directive 2004/18/EC</ccv-cbc:Title>
            <cbc:Description>Directive 2014/24/EU</cbc:Description>
            <ccv-cbc:JurisdictionLevelCode listID="CriterionJurisdictionLevel" listAgencyID="EU-COM-GROW" listVersionID="1.0.2">EU_DIRECTIVE</ccv-cbc:JurisdictionLevelCode>
            <ccv-cbc:Article>57(1)</ccv-cbc:Article>
            <cbc:URI>http://eur-lex.europa.eu/legal-content/EN/TXT/?uri=celex:32014L0024</cbc:URI>
        </ccv:LegislationReference>
        <ccv:RequirementGroup>
            <cbc:ID schemeAgencyID="EU-COM-GROW" schemeVersionID="1.0">7c637c0c-7703-4389-ba52-02997a055bd7</cbc:ID>
            <ccv:Requirement responseDataType="INDICATOR">
                <cbc:ID schemeID="CriterionRelatedIDs" schemeAgencyID="EU-COM-GROW" schemeVersionID="1.0">974c8196-9d1c-419c-9ca9-45bb9f5fd59a</cbc:ID>
                <cbc:Description>Your answer?</cbc:Description>
            </ccv:Requirement>
            <ccv:RequirementGroup pi="GROUP_FULFILLED.ON_TRUE">
                <cbc:ID schemeAgencyID="EU-COM-GROW" schemeVersionID="1.0">f5276600-a2b6-4ff6-a90e-b31fe19dae41</cbc:ID>
                <ccv:Requirement responseDataType="DATE">
                    <cbc:ID schemeID="CriterionRelatedIDs" schemeAgencyID="EU-COM-GROW" schemeVersionID="1.0">ecf40999-7b64-4e10-b960-7f8ff8674cf6</cbc:ID>
                    <cbc:Description>Date of conviction</cbc:Description>
                </ccv:Requirement>
                <ccv:Requirement responseDataType="DESCRIPTION">
                    <cbc:ID schemeID="CriterionRelatedIDs" schemeAgencyID="EU-COM-GROW" schemeVersionID="1.0">7d35fb7c-da5b-4830-b598-4f347a04dceb</cbc:ID>
                    <cbc:Description>Reason</cbc:Description>
                </ccv:Requirement>
                <ccv:Requirement responseDataType="DESCRIPTION">
                    <cbc:ID schemeID="CriterionRelatedIDs" schemeAgencyID="EU-COM-GROW" schemeVersionID="1.0">c5012430-14da-454c-9d01-34cedc6a7ded</cbc:ID>
                    <cbc:Description>Who has been convicted</cbc:Description>
                </ccv:Requirement>
                <ccv:Requirement responseDataType="PERIOD">
                    <cbc:ID schemeID="CriterionRelatedIDs" schemeAgencyID="EU-COM-GROW" schemeVersionID="1.0">9ca9096f-edd2-4f19-b6b1-b55c83a2d5c8</cbc:ID>
                    <cbc:Description>Length of the period of exclusion</cbc:Description>
                </ccv:Requirement>
                <ccv:RequirementGroup>
                    <cbc:ID schemeAgencyID="EU-COM-GROW" schemeVersionID="1.0">5f9f09f7-f701-432c-9fdc-c22c124a74c9</cbc:ID>
                    <ccv:Requirement responseDataType="INDICATOR">
                        <cbc:ID schemeID="CriterionRelatedIDs" schemeAgencyID="EU-COM-GROW" schemeVersionID="1.0">20c5361b-7599-4ee6-b030-7f8323174d1e</cbc:ID>
                        <cbc:Description>Have you taken measures to demonstrate your reliability ("Self-Cleaning")?</cbc:Description>
                    </ccv:Requirement>
                    <ccv:RequirementGroup pi="GROUP_FULFILLED.ON_TRUE">
                        <cbc:ID schemeAgencyID="EU-COM-GROW" schemeVersionID="1.0">74e6c7b4-757b-4b40-ada6-fad6a997c310</cbc:ID>
                        <ccv:Requirement responseDataType="DESCRIPTION">
                            <cbc:ID schemeID="CriterionRelatedIDs" schemeAgencyID="EU-COM-GROW" schemeVersionID="1.0">7b07904f-e080-401a-a3a1-9a3efeeda54b</cbc:ID>
                            <cbc:Description>Please describe them</cbc:Description>
                        </ccv:Requirement>
                    </ccv:RequirementGroup>
                </ccv:RequirementGroup>
            </ccv:RequirementGroup>
        </ccv:RequirementGroup>
        <ccv:RequirementGroup>
            <cbc:ID schemeAgencyID="EU-COM-GROW" schemeVersionID="1.0">7458d42a-e581-4640-9283-34ceb3ad4345</cbc:ID>
            <ccv:Requirement responseDataType="INDICATOR">
                <cbc:ID schemeID="CriterionRelatedIDs" schemeAgencyID="EU-COM-GROW" schemeVersionID="1.0">c1347b74-1872-4060-a6db-f4044edcd7c4</cbc:ID>
                <cbc:Description>Is this information available electronically?</cbc:Description>
            </ccv:Requirement>
            <ccv:RequirementGroup pi="GROUP_FULFILLED.ON_TRUE">
                <cbc:ID schemeAgencyID="EU-COM-GROW" schemeVersionID="1.0">41dd2e9b-1bfd-44c7-93ee-56bd74a4334b</cbc:ID>
                <ccv:Requirement responseDataType="EVIDENCE_URL">
                    <cbc:ID schemeID="CriterionRelatedIDs" schemeAgencyID="EU-COM-GROW" schemeVersionID="1.0">f4313bb6-21b6-499e-bdff-debe10e11d2c</cbc:ID>
                    <cbc:Description>URL</cbc:Description>
                </ccv:Requirement>
                <ccv:Requirement responseDataType="CODE">
                    <cbc:ID schemeID="CriterionRelatedIDs" schemeAgencyID="EU-COM-GROW" schemeVersionID="1.0">1f1cd18e-3e01-4ca2-af4c-e2981924ba8d</cbc:ID>
                    <cbc:Description>Code</cbc:Description>
                </ccv:Requirement>
                <ccv:Requirement responseDataType="DESCRIPTION">
                    <cbc:ID schemeID="CriterionRelatedIDs" schemeAgencyID="EU-COM-GROW" schemeVersionID="1.0">c3ccfa31-0c5e-4e3a-a3fd-db9fb83d78d4</cbc:ID>
                    <cbc:Description>Issuer</cbc:Description>
                </ccv:Requirement>
            </ccv:RequirementGroup>
        </ccv:RequirementGroup>
    </ccv:Criterion>
    <ccv:Criterion>
        <cbc:ID schemeID="CriteriaID" schemeAgencyID="EU-COM-GROW" schemeVersionID="1.0">c27b7c4e-c837-4529-b867-ed55ce639db5</cbc:ID>
        <cbc:TypeCode listID="CriteriaTypeCode" listAgencyID="EU-COM-GROW" listVersionID="1.0.2">CRITERION.EXCLUSION.CONVICTIONS.CORRUPTION</cbc:TypeCode>
        <cbc:Name>Corruption</cbc:Name>
        <cbc:Description>Has the economic operator itself or any person who is a member of its administrative, management or supervisory body or has powers of representation, decision or control therein been the subject of a conviction by final judgment for corruption, by a conviction rendered at the most five years ago or in which an exclusion period set out directly in the conviction continues to be applicable? As defined in Article 3 of the Convention on the fight against corruption involving officials of the European Communities or officials of Member States of the European Union, OJ C 195, 25.6.1997, p. 1, and in Article 2(1) of Council Framework Decision 2003/568/JHA of 22 July 2003 on combating corruption in the private sector (OJ L 192, 31.7.2003, p. 54). This exclusion ground also includes corruption as defined in the national law of the contracting authority (contracting entity) or the economic operator.</cbc:Description>
        <ccv:LegislationReference>
            <ccv-cbc:Title>DIRECTIVE 2014/24/EU OF THE EUROPEAN PARLIAMENT AND OF THE COUNCIL of 26 February 2014 on public procurement and repealing Directive 2004/18/EC</ccv-cbc:Title>
            <cbc:Description>Directive 2014/24/EU</cbc:Description>
            <ccv-cbc:JurisdictionLevelCode listID="CriterionJurisdictionLevel" listAgencyID="EU-COM-GROW" listVersionID="1.0.2">EU_DIRECTIVE</ccv-cbc:JurisdictionLevelCode>
            <ccv-cbc:Article>57(1)</ccv-cbc:Article>
            <cbc:URI>http://eur-lex.europa.eu/legal-content/EN/TXT/?uri=celex:32014L0024</cbc:URI>
        </ccv:LegislationReference>
        <ccv:RequirementGroup>
            <cbc:ID schemeAgencyID="EU-COM-GROW" schemeVersionID="1.0">7c637c0c-7703-4389-ba52-02997a055bd7</cbc:ID>
            <ccv:Requirement responseDataType="INDICATOR">
                <cbc:ID schemeID="CriterionRelatedIDs" schemeAgencyID="EU-COM-GROW" schemeVersionID="1.0">974c8196-9d1c-419c-9ca9-45bb9f5fd59a</cbc:ID>
                <cbc:Description>Your answer?</cbc:Description>
            </ccv:Requirement>
            <ccv:RequirementGroup pi="GROUP_FULFILLED.ON_TRUE">
                <cbc:ID schemeAgencyID="EU-COM-GROW" schemeVersionID="1.0">f5276600-a2b6-4ff6-a90e-b31fe19dae41</cbc:ID>
                <ccv:Requirement responseDataType="DATE">
                    <cbc:ID schemeID="CriterionRelatedIDs" schemeAgencyID="EU-COM-GROW" schemeVersionID="1.0">ecf40999-7b64-4e10-b960-7f8ff8674cf6</cbc:ID>
                    <cbc:Description>Date of conviction</cbc:Description>
                </ccv:Requirement>
                <ccv:Requirement responseDataType="DESCRIPTION">
                    <cbc:ID schemeID="CriterionRelatedIDs" schemeAgencyID="EU-COM-GROW" schemeVersionID="1.0">7d35fb7c-da5b-4830-b598-4f347a04dceb</cbc:ID>
                    <cbc:Description>Reason</cbc:Description>
                </ccv:Requirement>
                <ccv:Requirement responseDataType="DESCRIPTION">
                    <cbc:ID schemeID="CriterionRelatedIDs" schemeAgencyID="EU-COM-GROW" schemeVersionID="1.0">c5012430-14da-454c-9d01-34cedc6a7ded</cbc:ID>
                    <cbc:Description>Who has been convicted</cbc:Description>
                </ccv:Requirement>
                <ccv:Requirement responseDataType="PERIOD">
                    <cbc:ID schemeID="CriterionRelatedIDs" schemeAgencyID="EU-COM-GROW" schemeVersionID="1.0">9ca9096f-edd2-4f19-b6b1-b55c83a2d5c8</cbc:ID>
                    <cbc:Description>Length of the period of exclusion</cbc:Description>
                </ccv:Requirement>
                <ccv:RequirementGroup>
                    <cbc:ID schemeAgencyID="EU-COM-GROW" schemeVersionID="1.0">5f9f09f7-f701-432c-9fdc-c22c124a74c9</cbc:ID>
                    <ccv:Requirement responseDataType="INDICATOR">
                        <cbc:ID schemeID="CriterionRelatedIDs" schemeAgencyID="EU-COM-GROW" schemeVersionID="1.0">20c5361b-7599-4ee6-b030-7f8323174d1e</cbc:ID>
                        <cbc:Description>Have you taken measures to demonstrate your reliability ("Self-Cleaning")?</cbc:Description>
                    </ccv:Requirement>
                    <ccv:RequirementGroup pi="GROUP_FULFILLED.ON_TRUE">
                        <cbc:ID schemeAgencyID="EU-COM-GROW" schemeVersionID="1.0">74e6c7b4-757b-4b40-ada6-fad6a997c310</cbc:ID>
                        <ccv:Requirement responseDataType="DESCRIPTION">
                            <cbc:ID schemeID="CriterionRelatedIDs" schemeAgencyID="EU-COM-GROW" schemeVersionID="1.0">7b07904f-e080-401a-a3a1-9a3efeeda54b</cbc:ID>
                            <cbc:Description>Please describe them</cbc:Description>
                        </ccv:Requirement>
                    </ccv:RequirementGroup>
                </ccv:RequirementGroup>
            </ccv:RequirementGroup>
        </ccv:RequirementGroup>
        <ccv:RequirementGroup>
            <cbc:ID schemeAgencyID="EU-COM-GROW" schemeVersionID="1.0">7458d42a-e581-4640-9283-34ceb3ad4345</cbc:ID>
            <ccv:Requirement responseDataType="INDICATOR">
                <cbc:ID schemeID="CriterionRelatedIDs" schemeAgencyID="EU-COM-GROW" schemeVersionID="1.0">c1347b74-1872-4060-a6db-f4044edcd7c4</cbc:ID>
                <cbc:Description>Is this information available electronically?</cbc:Description>
            </ccv:Requirement>
            <ccv:RequirementGroup pi="GROUP_FULFILLED.ON_TRUE">
                <cbc:ID schemeAgencyID="EU-COM-GROW" schemeVersionID="1.0">41dd2e9b-1bfd-44c7-93ee-56bd74a4334b</cbc:ID>
                <ccv:Requirement responseDataType="EVIDENCE_URL">
                    <cbc:ID schemeID="CriterionRelatedIDs" schemeAgencyID="EU-COM-GROW" schemeVersionID="1.0">f4313bb6-21b6-499e-bdff-debe10e11d2c</cbc:ID>
                    <cbc:Description>URL</cbc:Description>
                </ccv:Requirement>
                <ccv:Requirement responseDataType="CODE">
                    <cbc:ID schemeID="CriterionRelatedIDs" schemeAgencyID="EU-COM-GROW" schemeVersionID="1.0">1f1cd18e-3e01-4ca2-af4c-e2981924ba8d</cbc:ID>
                    <cbc:Description>Code</cbc:Description>
                </ccv:Requirement>
                <ccv:Requirement responseDataType="DESCRIPTION">
                    <cbc:ID schemeID="CriterionRelatedIDs" schemeAgencyID="EU-COM-GROW" schemeVersionID="1.0">c3ccfa31-0c5e-4e3a-a3fd-db9fb83d78d4</cbc:ID>
                    <cbc:Description>Issuer</cbc:Description>
                </ccv:Requirement>
            </ccv:RequirementGroup>
        </ccv:RequirementGroup>
    </ccv:Criterion>
    <ccv:Criterion>
        <cbc:ID schemeID="CriteriaID" schemeAgencyID="EU-COM-GROW" schemeVersionID="1.0">297d2323-3ede-424e-94bc-a91561e6f320</cbc:ID>
        <cbc:TypeCode listID="CriteriaTypeCode" listAgencyID="EU-COM-GROW" listVersionID="1.0.2">CRITERION.EXCLUSION.CONVICTIONS.FRAUD</cbc:TypeCode>
        <cbc:Name>Fraud</cbc:Name>
        <cbc:Description>Has the economic operator itself or any person who is a member of its administrative, management or supervisory body or has powers of representation, decision or control therein been the subject of a conviction by final judgment for fraud, by a conviction rendered at the most five years ago or in which an exclusion period set out directly in the conviction continues to be applicable? Within the meaning of Article 1 of the Convention on the protection of the European Communities' financial interests (OJ C 316, 27.11.1995, p. 48).</cbc:Description>
        <ccv:LegislationReference>
            <ccv-cbc:Title>DIRECTIVE 2014/24/EU OF THE EUROPEAN PARLIAMENT AND OF THE COUNCIL of 26 February 2014 on public procurement and repealing Directive 2004/18/EC</ccv-cbc:Title>
            <cbc:Description>Directive 2014/24/EU</cbc:Description>
            <ccv-cbc:JurisdictionLevelCode listID="CriterionJurisdictionLevel" listAgencyID="EU-COM-GROW" listVersionID="1.0.2">EU_DIRECTIVE</ccv-cbc:JurisdictionLevelCode>
            <ccv-cbc:Article>57(1)</ccv-cbc:Article>
            <cbc:URI>http://eur-lex.europa.eu/legal-content/EN/TXT/?uri=celex:32014L0024</cbc:URI>
        </ccv:LegislationReference>
        <ccv:RequirementGroup>
            <cbc:ID schemeAgencyID="EU-COM-GROW" schemeVersionID="1.0">7c637c0c-7703-4389-ba52-02997a055bd7</cbc:ID>
            <ccv:Requirement responseDataType="INDICATOR">
                <cbc:ID schemeID="CriterionRelatedIDs" schemeAgencyID="EU-COM-GROW" schemeVersionID="1.0">974c8196-9d1c-419c-9ca9-45bb9f5fd59a</cbc:ID>
                <cbc:Description>Your answer?</cbc:Description>
            </ccv:Requirement>
            <ccv:RequirementGroup pi="GROUP_FULFILLED.ON_TRUE">
                <cbc:ID schemeAgencyID="EU-COM-GROW" schemeVersionID="1.0">f5276600-a2b6-4ff6-a90e-b31fe19dae41</cbc:ID>
                <ccv:Requirement responseDataType="DATE">
                    <cbc:ID schemeID="CriterionRelatedIDs" schemeAgencyID="EU-COM-GROW" schemeVersionID="1.0">ecf40999-7b64-4e10-b960-7f8ff8674cf6</cbc:ID>
                    <cbc:Description>Date of conviction</cbc:Description>
                </ccv:Requirement>
                <ccv:Requirement responseDataType="DESCRIPTION">
                    <cbc:ID schemeID="CriterionRelatedIDs" schemeAgencyID="EU-COM-GROW" schemeVersionID="1.0">7d35fb7c-da5b-4830-b598-4f347a04dceb</cbc:ID>
                    <cbc:Description>Reason</cbc:Description>
                </ccv:Requirement>
                <ccv:Requirement responseDataType="DESCRIPTION">
                    <cbc:ID schemeID="CriterionRelatedIDs" schemeAgencyID="EU-COM-GROW" schemeVersionID="1.0">c5012430-14da-454c-9d01-34cedc6a7ded</cbc:ID>
                    <cbc:Description>Who has been convicted</cbc:Description>
                </ccv:Requirement>
                <ccv:Requirement responseDataType="PERIOD">
                    <cbc:ID schemeID="CriterionRelatedIDs" schemeAgencyID="EU-COM-GROW" schemeVersionID="1.0">9ca9096f-edd2-4f19-b6b1-b55c83a2d5c8</cbc:ID>
                    <cbc:Description>Length of the period of exclusion</cbc:Description>
                </ccv:Requirement>
                <ccv:RequirementGroup>
                    <cbc:ID schemeAgencyID="EU-COM-GROW" schemeVersionID="1.0">5f9f09f7-f701-432c-9fdc-c22c124a74c9</cbc:ID>
                    <ccv:Requirement responseDataType="INDICATOR">
                        <cbc:ID schemeID="CriterionRelatedIDs" schemeAgencyID="EU-COM-GROW" schemeVersionID="1.0">20c5361b-7599-4ee6-b030-7f8323174d1e</cbc:ID>
                        <cbc:Description>Have you taken measures to demonstrate your reliability ("Self-Cleaning")?</cbc:Description>
                    </ccv:Requirement>
                    <ccv:RequirementGroup pi="GROUP_FULFILLED.ON_TRUE">
                        <cbc:ID schemeAgencyID="EU-COM-GROW" schemeVersionID="1.0">74e6c7b4-757b-4b40-ada6-fad6a997c310</cbc:ID>
                        <ccv:Requirement responseDataType="DESCRIPTION">
                            <cbc:ID schemeID="CriterionRelatedIDs" schemeAgencyID="EU-COM-GROW" schemeVersionID="1.0">7b07904f-e080-401a-a3a1-9a3efeeda54b</cbc:ID>
                            <cbc:Description>Please describe them</cbc:Description>
                        </ccv:Requirement>
                    </ccv:RequirementGroup>
                </ccv:RequirementGroup>
            </ccv:RequirementGroup>
        </ccv:RequirementGroup>
        <ccv:RequirementGroup>
            <cbc:ID schemeAgencyID="EU-COM-GROW" schemeVersionID="1.0">7458d42a-e581-4640-9283-34ceb3ad4345</cbc:ID>
            <ccv:Requirement responseDataType="INDICATOR">
                <cbc:ID schemeID="CriterionRelatedIDs" schemeAgencyID="EU-COM-GROW" schemeVersionID="1.0">c1347b74-1872-4060-a6db-f4044edcd7c4</cbc:ID>
                <cbc:Description>Is this information available electronically?</cbc:Description>
            </ccv:Requirement>
            <ccv:RequirementGroup pi="GROUP_FULFILLED.ON_TRUE">
                <cbc:ID schemeAgencyID="EU-COM-GROW" schemeVersionID="1.0">41dd2e9b-1bfd-44c7-93ee-56bd74a4334b</cbc:ID>
                <ccv:Requirement responseDataType="EVIDENCE_URL">
                    <cbc:ID schemeID="CriterionRelatedIDs" schemeAgencyID="EU-COM-GROW" schemeVersionID="1.0">f4313bb6-21b6-499e-bdff-debe10e11d2c</cbc:ID>
                    <cbc:Description>URL</cbc:Description>
                </ccv:Requirement>
                <ccv:Requirement responseDataType="CODE">
                    <cbc:ID schemeID="CriterionRelatedIDs" schemeAgencyID="EU-COM-GROW" schemeVersionID="1.0">1f1cd18e-3e01-4ca2-af4c-e2981924ba8d</cbc:ID>
                    <cbc:Description>Code</cbc:Description>
                </ccv:Requirement>
                <ccv:Requirement responseDataType="DESCRIPTION">
                    <cbc:ID schemeID="CriterionRelatedIDs" schemeAgencyID="EU-COM-GROW" schemeVersionID="1.0">c3ccfa31-0c5e-4e3a-a3fd-db9fb83d78d4</cbc:ID>
                    <cbc:Description>Issuer</cbc:Description>
                </ccv:Requirement>
            </ccv:RequirementGroup>
        </ccv:RequirementGroup>
    </ccv:Criterion>
    <ccv:Criterion>
        <cbc:ID schemeID="CriteriaID" schemeAgencyID="EU-COM-GROW" schemeVersionID="1.0">d486fb70-86b3-4e75-97f2-0d71b5697c7d</cbc:ID>
        <cbc:TypeCode listID="CriteriaTypeCode" listAgencyID="EU-COM-GROW" listVersionID="1.0.2">CRITERION.EXCLUSION.CONVICTIONS.TERRORIST_OFFENCES</cbc:TypeCode>
        <cbc:Name>Terrorist offences or offences linked to terrorist activities</cbc:Name>
        <cbc:Description>Has the economic operator itself or any person who is a member of its administrative, management or supervisory body or has powers of representation, decision or control therein been the subject of a conviction by final judgment for terrorist offences or offences linked to terrorist activities, by a conviction rendered at the most five years ago or in which an exclusion period set out directly in the conviction continues to be applicable? As defined in Articles 1 and 3 of Council Framework Decision of 13 June 2002 on combating terrorism (OJ L 164, 22.6.2002, p. 3). This exclusion ground also includes inciting or aiding or abetting or attempting to commit an offence, as referred to in Article 4 of that Framework Decision.</cbc:Description>
        <ccv:LegislationReference>
            <ccv-cbc:Title>DIRECTIVE 2014/24/EU OF THE EUROPEAN PARLIAMENT AND OF THE COUNCIL of 26 February 2014 on public procurement and repealing Directive 2004/18/EC</ccv-cbc:Title>
            <cbc:Description>Directive 2014/24/EU</cbc:Description>
            <ccv-cbc:JurisdictionLevelCode listID="CriterionJurisdictionLevel" listAgencyID="EU-COM-GROW" listVersionID="1.0.2">EU_DIRECTIVE</ccv-cbc:JurisdictionLevelCode>
            <ccv-cbc:Article>57(1)</ccv-cbc:Article>
            <cbc:URI>http://eur-lex.europa.eu/legal-content/EN/TXT/?uri=celex:32014L0024</cbc:URI>
        </ccv:LegislationReference>
        <ccv:RequirementGroup>
            <cbc:ID schemeAgencyID="EU-COM-GROW" schemeVersionID="1.0">7c637c0c-7703-4389-ba52-02997a055bd7</cbc:ID>
            <ccv:Requirement responseDataType="INDICATOR">
                <cbc:ID schemeID="CriterionRelatedIDs" schemeAgencyID="EU-COM-GROW" schemeVersionID="1.0">974c8196-9d1c-419c-9ca9-45bb9f5fd59a</cbc:ID>
                <cbc:Description>Your answer?</cbc:Description>
            </ccv:Requirement>
            <ccv:RequirementGroup pi="GROUP_FULFILLED.ON_TRUE">
                <cbc:ID schemeAgencyID="EU-COM-GROW" schemeVersionID="1.0">f5276600-a2b6-4ff6-a90e-b31fe19dae41</cbc:ID>
                <ccv:Requirement responseDataType="DATE">
                    <cbc:ID schemeID="CriterionRelatedIDs" schemeAgencyID="EU-COM-GROW" schemeVersionID="1.0">ecf40999-7b64-4e10-b960-7f8ff8674cf6</cbc:ID>
                    <cbc:Description>Date of conviction</cbc:Description>
                </ccv:Requirement>
                <ccv:Requirement responseDataType="DESCRIPTION">
                    <cbc:ID schemeID="CriterionRelatedIDs" schemeAgencyID="EU-COM-GROW" schemeVersionID="1.0">7d35fb7c-da5b-4830-b598-4f347a04dceb</cbc:ID>
                    <cbc:Description>Reason</cbc:Description>
                </ccv:Requirement>
                <ccv:Requirement responseDataType="DESCRIPTION">
                    <cbc:ID schemeID="CriterionRelatedIDs" schemeAgencyID="EU-COM-GROW" schemeVersionID="1.0">c5012430-14da-454c-9d01-34cedc6a7ded</cbc:ID>
                    <cbc:Description>Who has been convicted</cbc:Description>
                </ccv:Requirement>
                <ccv:Requirement responseDataType="PERIOD">
                    <cbc:ID schemeID="CriterionRelatedIDs" schemeAgencyID="EU-COM-GROW" schemeVersionID="1.0">9ca9096f-edd2-4f19-b6b1-b55c83a2d5c8</cbc:ID>
                    <cbc:Description>Length of the period of exclusion</cbc:Description>
                </ccv:Requirement>
                <ccv:RequirementGroup>
                    <cbc:ID schemeAgencyID="EU-COM-GROW" schemeVersionID="1.0">5f9f09f7-f701-432c-9fdc-c22c124a74c9</cbc:ID>
                    <ccv:Requirement responseDataType="INDICATOR">
                        <cbc:ID schemeID="CriterionRelatedIDs" schemeAgencyID="EU-COM-GROW" schemeVersionID="1.0">20c5361b-7599-4ee6-b030-7f8323174d1e</cbc:ID>
                        <cbc:Description>Have you taken measures to demonstrate your reliability ("Self-Cleaning")?</cbc:Description>
                    </ccv:Requirement>
                    <ccv:RequirementGroup pi="GROUP_FULFILLED.ON_TRUE">
                        <cbc:ID schemeAgencyID="EU-COM-GROW" schemeVersionID="1.0">74e6c7b4-757b-4b40-ada6-fad6a997c310</cbc:ID>
                        <ccv:Requirement responseDataType="DESCRIPTION">
                            <cbc:ID schemeID="CriterionRelatedIDs" schemeAgencyID="EU-COM-GROW" schemeVersionID="1.0">7b07904f-e080-401a-a3a1-9a3efeeda54b</cbc:ID>
                            <cbc:Description>Please describe them</cbc:Description>
                        </ccv:Requirement>
                    </ccv:RequirementGroup>
                </ccv:RequirementGroup>
            </ccv:RequirementGroup>
        </ccv:RequirementGroup>
        <ccv:RequirementGroup>
            <cbc:ID schemeAgencyID="EU-COM-GROW" schemeVersionID="1.0">7458d42a-e581-4640-9283-34ceb3ad4345</cbc:ID>
            <ccv:Requirement responseDataType="INDICATOR">
                <cbc:ID schemeID="CriterionRelatedIDs" schemeAgencyID="EU-COM-GROW" schemeVersionID="1.0">c1347b74-1872-4060-a6db-f4044edcd7c4</cbc:ID>
                <cbc:Description>Is this information available electronically?</cbc:Description>
            </ccv:Requirement>
            <ccv:RequirementGroup pi="GROUP_FULFILLED.ON_TRUE">
                <cbc:ID schemeAgencyID="EU-COM-GROW" schemeVersionID="1.0">41dd2e9b-1bfd-44c7-93ee-56bd74a4334b</cbc:ID>
                <ccv:Requirement responseDataType="EVIDENCE_URL">
                    <cbc:ID schemeID="CriterionRelatedIDs" schemeAgencyID="EU-COM-GROW" schemeVersionID="1.0">f4313bb6-21b6-499e-bdff-debe10e11d2c</cbc:ID>
                    <cbc:Description>URL</cbc:Description>
                </ccv:Requirement>
                <ccv:Requirement responseDataType="CODE">
                    <cbc:ID schemeID="CriterionRelatedIDs" schemeAgencyID="EU-COM-GROW" schemeVersionID="1.0">1f1cd18e-3e01-4ca2-af4c-e2981924ba8d</cbc:ID>
                    <cbc:Description>Code</cbc:Description>
                </ccv:Requirement>
                <ccv:Requirement responseDataType="DESCRIPTION">
                    <cbc:ID schemeID="CriterionRelatedIDs" schemeAgencyID="EU-COM-GROW" schemeVersionID="1.0">c3ccfa31-0c5e-4e3a-a3fd-db9fb83d78d4</cbc:ID>
                    <cbc:Description>Issuer</cbc:Description>
                </ccv:Requirement>
            </ccv:RequirementGroup>
        </ccv:RequirementGroup>
    </ccv:Criterion>
    <ccv:Criterion>
        <cbc:ID schemeID="CriteriaID" schemeAgencyID="EU-COM-GROW" schemeVersionID="1.0">47112079-6fec-47a3-988f-e561668c3aef</cbc:ID>
        <cbc:TypeCode listID="CriteriaTypeCode" listAgencyID="EU-COM-GROW" listVersionID="1.0.2">CRITERION.EXCLUSION.CONVICTIONS.MONEY_LAUNDERING</cbc:TypeCode>
        <cbc:Name>Money laundering or terrorist financing</cbc:Name>
        <cbc:Description>Has the economic operator itself or any person who is a member of its administrative, management or supervisory body or has powers of representation, decision or control therein been the subject of a conviction by final judgment for money laundering or terrorist financing, by a conviction rendered at the most five years ago or in which an exclusion period set out directly in the conviction continues to be applicable? As defined in Article 1 of Directive 2005/60/EC of the European Parliament and of the Council of 26 October 2005 on the prevention of the use of the financial system for the purpose of money laundering and terrorist financing (OJ L 309, 25.11.2005, p. 15).</cbc:Description>
        <ccv:LegislationReference>
            <ccv-cbc:Title>DIRECTIVE 2014/24/EU OF THE EUROPEAN PARLIAMENT AND OF THE COUNCIL of 26 February 2014 on public procurement and repealing Directive 2004/18/EC</ccv-cbc:Title>
            <cbc:Description>Directive 2014/24/EU</cbc:Description>
            <ccv-cbc:JurisdictionLevelCode listID="CriterionJurisdictionLevel" listAgencyID="EU-COM-GROW" listVersionID="1.0.2">EU_DIRECTIVE</ccv-cbc:JurisdictionLevelCode>
            <ccv-cbc:Article>57(1)</ccv-cbc:Article>
            <cbc:URI>http://eur-lex.europa.eu/legal-content/EN/TXT/?uri=celex:32014L0024</cbc:URI>
        </ccv:LegislationReference>
        <ccv:RequirementGroup>
            <cbc:ID schemeAgencyID="EU-COM-GROW" schemeVersionID="1.0">7c637c0c-7703-4389-ba52-02997a055bd7</cbc:ID>
            <ccv:Requirement responseDataType="INDICATOR">
                <cbc:ID schemeID="CriterionRelatedIDs" schemeAgencyID="EU-COM-GROW" schemeVersionID="1.0">974c8196-9d1c-419c-9ca9-45bb9f5fd59a</cbc:ID>
                <cbc:Description>Your answer?</cbc:Description>
            </ccv:Requirement>
            <ccv:RequirementGroup pi="GROUP_FULFILLED.ON_TRUE">
                <cbc:ID schemeAgencyID="EU-COM-GROW" schemeVersionID="1.0">f5276600-a2b6-4ff6-a90e-b31fe19dae41</cbc:ID>
                <ccv:Requirement responseDataType="DATE">
                    <cbc:ID schemeID="CriterionRelatedIDs" schemeAgencyID="EU-COM-GROW" schemeVersionID="1.0">ecf40999-7b64-4e10-b960-7f8ff8674cf6</cbc:ID>
                    <cbc:Description>Date of conviction</cbc:Description>
                </ccv:Requirement>
                <ccv:Requirement responseDataType="DESCRIPTION">
                    <cbc:ID schemeID="CriterionRelatedIDs" schemeAgencyID="EU-COM-GROW" schemeVersionID="1.0">7d35fb7c-da5b-4830-b598-4f347a04dceb</cbc:ID>
                    <cbc:Description>Reason</cbc:Description>
                </ccv:Requirement>
                <ccv:Requirement responseDataType="DESCRIPTION">
                    <cbc:ID schemeID="CriterionRelatedIDs" schemeAgencyID="EU-COM-GROW" schemeVersionID="1.0">c5012430-14da-454c-9d01-34cedc6a7ded</cbc:ID>
                    <cbc:Description>Who has been convicted</cbc:Description>
                </ccv:Requirement>
                <ccv:Requirement responseDataType="PERIOD">
                    <cbc:ID schemeID="CriterionRelatedIDs" schemeAgencyID="EU-COM-GROW" schemeVersionID="1.0">9ca9096f-edd2-4f19-b6b1-b55c83a2d5c8</cbc:ID>
                    <cbc:Description>Length of the period of exclusion</cbc:Description>
                </ccv:Requirement>
                <ccv:RequirementGroup>
                    <cbc:ID schemeAgencyID="EU-COM-GROW" schemeVersionID="1.0">5f9f09f7-f701-432c-9fdc-c22c124a74c9</cbc:ID>
                    <ccv:Requirement responseDataType="INDICATOR">
                        <cbc:ID schemeID="CriterionRelatedIDs" schemeAgencyID="EU-COM-GROW" schemeVersionID="1.0">20c5361b-7599-4ee6-b030-7f8323174d1e</cbc:ID>
                        <cbc:Description>Have you taken measures to demonstrate your reliability ("Self-Cleaning")?</cbc:Description>
                    </ccv:Requirement>
                    <ccv:RequirementGroup pi="GROUP_FULFILLED.ON_TRUE">
                        <cbc:ID schemeAgencyID="EU-COM-GROW" schemeVersionID="1.0">74e6c7b4-757b-4b40-ada6-fad6a997c310</cbc:ID>
                        <ccv:Requirement responseDataType="DESCRIPTION">
                            <cbc:ID schemeID="CriterionRelatedIDs" schemeAgencyID="EU-COM-GROW" schemeVersionID="1.0">7b07904f-e080-401a-a3a1-9a3efeeda54b</cbc:ID>
                            <cbc:Description>Please describe them</cbc:Description>
                        </ccv:Requirement>
                    </ccv:RequirementGroup>
                </ccv:RequirementGroup>
            </ccv:RequirementGroup>
        </ccv:RequirementGroup>
        <ccv:RequirementGroup>
            <cbc:ID schemeAgencyID="EU-COM-GROW" schemeVersionID="1.0">7458d42a-e581-4640-9283-34ceb3ad4345</cbc:ID>
            <ccv:Requirement responseDataType="INDICATOR">
                <cbc:ID schemeID="CriterionRelatedIDs" schemeAgencyID="EU-COM-GROW" schemeVersionID="1.0">c1347b74-1872-4060-a6db-f4044edcd7c4</cbc:ID>
                <cbc:Description>Is this information available electronically?</cbc:Description>
            </ccv:Requirement>
            <ccv:RequirementGroup pi="GROUP_FULFILLED.ON_TRUE">
                <cbc:ID schemeAgencyID="EU-COM-GROW" schemeVersionID="1.0">41dd2e9b-1bfd-44c7-93ee-56bd74a4334b</cbc:ID>
                <ccv:Requirement responseDataType="EVIDENCE_URL">
                    <cbc:ID schemeID="CriterionRelatedIDs" schemeAgencyID="EU-COM-GROW" schemeVersionID="1.0">f4313bb6-21b6-499e-bdff-debe10e11d2c</cbc:ID>
                    <cbc:Description>URL</cbc:Description>
                </ccv:Requirement>
                <ccv:Requirement responseDataType="CODE">
                    <cbc:ID schemeID="CriterionRelatedIDs" schemeAgencyID="EU-COM-GROW" schemeVersionID="1.0">1f1cd18e-3e01-4ca2-af4c-e2981924ba8d</cbc:ID>
                    <cbc:Description>Code</cbc:Description>
                </ccv:Requirement>
                <ccv:Requirement responseDataType="DESCRIPTION">
                    <cbc:ID schemeID="CriterionRelatedIDs" schemeAgencyID="EU-COM-GROW" schemeVersionID="1.0">c3ccfa31-0c5e-4e3a-a3fd-db9fb83d78d4</cbc:ID>
                    <cbc:Description>Issuer</cbc:Description>
                </ccv:Requirement>
            </ccv:RequirementGroup>
        </ccv:RequirementGroup>
    </ccv:Criterion>
    <ccv:Criterion>
        <cbc:ID schemeID="CriteriaID" schemeAgencyID="EU-COM-GROW" schemeVersionID="1.0">d789d01a-fe03-4ccd-9898-73f9cfa080d1</cbc:ID>
        <cbc:TypeCode listID="CriteriaTypeCode" listAgencyID="EU-COM-GROW" listVersionID="1.0.2">CRITERION.EXCLUSION.CONVICTIONS.CHILD_LABOUR-HUMAN_TRAFFICKING</cbc:TypeCode>
        <cbc:Name>Child labour and other forms of trafficking in human beings</cbc:Name>
        <cbc:Description>Has the economic operator itself or any person who is a member of its administrative, management or supervisory body or has powers of representation, decision or control therein been the subject of a conviction by final judgment for child labour and other forms of trafficking in human beings, by a conviction rendered at the most five years ago or in which an exclusion period set out directly in the conviction continues to be applicable? As defined in Article 2 of Directive 2011/36/EU of the European Parliament and of the Council of 5 April 2011 on preventing and combating trafficking in human beings and protecting its victims, and replacing Council Framework Decision 2002/629/JHA (OJ L 101, 15.4.2011, p. 1).</cbc:Description>
        <ccv:LegislationReference>
            <ccv-cbc:Title>DIRECTIVE 2014/24/EU OF THE EUROPEAN PARLIAMENT AND OF THE COUNCIL of 26 February 2014 on public procurement and repealing Directive 2004/18/EC</ccv-cbc:Title>
            <cbc:Description>Directive 2014/24/EU</cbc:Description>
            <ccv-cbc:JurisdictionLevelCode listID="CriterionJurisdictionLevel" listAgencyID="EU-COM-GROW" listVersionID="1.0.2">EU_DIRECTIVE</ccv-cbc:JurisdictionLevelCode>
            <ccv-cbc:Article>57(1)</ccv-cbc:Article>
            <cbc:URI>http://eur-lex.europa.eu/legal-content/EN/TXT/?uri=celex:32014L0024</cbc:URI>
        </ccv:LegislationReference>
        <ccv:RequirementGroup>
            <cbc:ID schemeAgencyID="EU-COM-GROW" schemeVersionID="1.0">7c637c0c-7703-4389-ba52-02997a055bd7</cbc:ID>
            <ccv:Requirement responseDataType="INDICATOR">
                <cbc:ID schemeID="CriterionRelatedIDs" schemeAgencyID="EU-COM-GROW" schemeVersionID="1.0">974c8196-9d1c-419c-9ca9-45bb9f5fd59a</cbc:ID>
                <cbc:Description>Your answer?</cbc:Description>
            </ccv:Requirement>
            <ccv:RequirementGroup pi="GROUP_FULFILLED.ON_TRUE">
                <cbc:ID schemeAgencyID="EU-COM-GROW" schemeVersionID="1.0">f5276600-a2b6-4ff6-a90e-b31fe19dae41</cbc:ID>
                <ccv:Requirement responseDataType="DATE">
                    <cbc:ID schemeID="CriterionRelatedIDs" schemeAgencyID="EU-COM-GROW" schemeVersionID="1.0">ecf40999-7b64-4e10-b960-7f8ff8674cf6</cbc:ID>
                    <cbc:Description>Date of conviction</cbc:Description>
                </ccv:Requirement>
                <ccv:Requirement responseDataType="DESCRIPTION">
                    <cbc:ID schemeID="CriterionRelatedIDs" schemeAgencyID="EU-COM-GROW" schemeVersionID="1.0">7d35fb7c-da5b-4830-b598-4f347a04dceb</cbc:ID>
                    <cbc:Description>Reason</cbc:Description>
                </ccv:Requirement>
                <ccv:Requirement responseDataType="DESCRIPTION">
                    <cbc:ID schemeID="CriterionRelatedIDs" schemeAgencyID="EU-COM-GROW" schemeVersionID="1.0">c5012430-14da-454c-9d01-34cedc6a7ded</cbc:ID>
                    <cbc:Description>Who has been convicted</cbc:Description>
                </ccv:Requirement>
                <ccv:Requirement responseDataType="PERIOD">
                    <cbc:ID schemeID="CriterionRelatedIDs" schemeAgencyID="EU-COM-GROW" schemeVersionID="1.0">9ca9096f-edd2-4f19-b6b1-b55c83a2d5c8</cbc:ID>
                    <cbc:Description>Length of the period of exclusion</cbc:Description>
                </ccv:Requirement>
                <ccv:RequirementGroup>
                    <cbc:ID schemeAgencyID="EU-COM-GROW" schemeVersionID="1.0">5f9f09f7-f701-432c-9fdc-c22c124a74c9</cbc:ID>
                    <ccv:Requirement responseDataType="INDICATOR">
                        <cbc:ID schemeID="CriterionRelatedIDs" schemeAgencyID="EU-COM-GROW" schemeVersionID="1.0">20c5361b-7599-4ee6-b030-7f8323174d1e</cbc:ID>
                        <cbc:Description>Have you taken measures to demonstrate your reliability ("Self-Cleaning")?</cbc:Description>
                    </ccv:Requirement>
                    <ccv:RequirementGroup pi="GROUP_FULFILLED.ON_TRUE">
                        <cbc:ID schemeAgencyID="EU-COM-GROW" schemeVersionID="1.0">74e6c7b4-757b-4b40-ada6-fad6a997c310</cbc:ID>
                        <ccv:Requirement responseDataType="DESCRIPTION">
                            <cbc:ID schemeID="CriterionRelatedIDs" schemeAgencyID="EU-COM-GROW" schemeVersionID="1.0">7b07904f-e080-401a-a3a1-9a3efeeda54b</cbc:ID>
                            <cbc:Description>Please describe them</cbc:Description>
                        </ccv:Requirement>
                    </ccv:RequirementGroup>
                </ccv:RequirementGroup>
            </ccv:RequirementGroup>
        </ccv:RequirementGroup>
        <ccv:RequirementGroup>
            <cbc:ID schemeAgencyID="EU-COM-GROW" schemeVersionID="1.0">7458d42a-e581-4640-9283-34ceb3ad4345</cbc:ID>
            <ccv:Requirement responseDataType="INDICATOR">
                <cbc:ID schemeID="CriterionRelatedIDs" schemeAgencyID="EU-COM-GROW" schemeVersionID="1.0">c1347b74-1872-4060-a6db-f4044edcd7c4</cbc:ID>
                <cbc:Description>Is this information available electronically?</cbc:Description>
            </ccv:Requirement>
            <ccv:RequirementGroup pi="GROUP_FULFILLED.ON_TRUE">
                <cbc:ID schemeAgencyID="EU-COM-GROW" schemeVersionID="1.0">41dd2e9b-1bfd-44c7-93ee-56bd74a4334b</cbc:ID>
                <ccv:Requirement responseDataType="EVIDENCE_URL">
                    <cbc:ID schemeID="CriterionRelatedIDs" schemeAgencyID="EU-COM-GROW" schemeVersionID="1.0">f4313bb6-21b6-499e-bdff-debe10e11d2c</cbc:ID>
                    <cbc:Description>URL</cbc:Description>
                </ccv:Requirement>
                <ccv:Requirement responseDataType="CODE">
                    <cbc:ID schemeID="CriterionRelatedIDs" schemeAgencyID="EU-COM-GROW" schemeVersionID="1.0">1f1cd18e-3e01-4ca2-af4c-e2981924ba8d</cbc:ID>
                    <cbc:Description>Code</cbc:Description>
                </ccv:Requirement>
                <ccv:Requirement responseDataType="DESCRIPTION">
                    <cbc:ID schemeID="CriterionRelatedIDs" schemeAgencyID="EU-COM-GROW" schemeVersionID="1.0">c3ccfa31-0c5e-4e3a-a3fd-db9fb83d78d4</cbc:ID>
                    <cbc:Description>Issuer</cbc:Description>
                </ccv:Requirement>
            </ccv:RequirementGroup>
        </ccv:RequirementGroup>
    </ccv:Criterion>
    <ccv:Criterion>
        <cbc:ID schemeID="CriteriaID" schemeAgencyID="EU-COM-GROW" schemeVersionID="1.0">b61bbeb7-690e-4a40-bc68-d6d4ecfaa3d4</cbc:ID>
        <cbc:TypeCode listID="CriteriaTypeCode" listAgencyID="EU-COM-GROW" listVersionID="1.0.2">CRITERION.EXCLUSION.CONTRIBUTIONS.PAYMENT_OF_TAXES</cbc:TypeCode>
        <cbc:Name>Payment of taxes</cbc:Name>
        <cbc:Description>Has the economic operator breached its obligations relating to the payment of taxes, both in the country in which it is established and in Member State of the contracting authority or contracting entity if other than the country of establishment?</cbc:Description>
        <ccv:LegislationReference>
            <ccv-cbc:Title>DIRECTIVE 2014/24/EU OF THE EUROPEAN PARLIAMENT AND OF THE COUNCIL of 26 February 2014 on public procurement and repealing Directive 2004/18/EC</ccv-cbc:Title>
            <cbc:Description>Directive 2014/24/EU</cbc:Description>
            <ccv-cbc:JurisdictionLevelCode listID="CriterionJurisdictionLevel" listAgencyID="EU-COM-GROW" listVersionID="1.0.2">EU_DIRECTIVE</ccv-cbc:JurisdictionLevelCode>
            <ccv-cbc:Article>57(2)</ccv-cbc:Article>
            <cbc:URI>http://eur-lex.europa.eu/legal-content/EN/TXT/?uri=celex:32014L0024</cbc:URI>
        </ccv:LegislationReference>
        <ccv:RequirementGroup>
            <cbc:ID schemeAgencyID="EU-COM-GROW" schemeVersionID="1.0">098fd3cc-466e-4233-af1a-affe09471bce</cbc:ID>
            <ccv:Requirement responseDataType="INDICATOR">
                <cbc:ID schemeID="CriterionRelatedIDs" schemeAgencyID="EU-COM-GROW" schemeVersionID="1.0">974c8196-9d1c-419c-9ca9-45bb9f5fd59a</cbc:ID>
                <cbc:Description>Your answer?</cbc:Description>
            </ccv:Requirement>
            <ccv:RequirementGroup pi="GROUP_FULFILLED.ON_TRUE">
                <cbc:ID schemeAgencyID="EU-COM-GROW" schemeVersionID="1.0">f8499787-f9f8-4355-95e2-9784426f4d7b</cbc:ID>
                <ccv:Requirement responseDataType="CODE_COUNTRY">
                    <cbc:ID schemeID="CriterionRelatedIDs" schemeAgencyID="EU-COM-GROW" schemeVersionID="1.0">6c87d3d4-e8eb-4253-b385-6373020ab886</cbc:ID>
                    <cbc:Description>Country or member state concerned</cbc:Description>
                </ccv:Requirement>
                <ccv:Requirement responseDataType="AMOUNT">
                    <cbc:ID schemeID="CriterionRelatedIDs" schemeAgencyID="EU-COM-GROW" schemeVersionID="1.0">9052cc59-cfe5-41c6-a314-02a7f378ffe8</cbc:ID>
                    <cbc:Description>Amount concerned</cbc:Description>
                </ccv:Requirement>
                <ccv:RequirementGroup>
                    <cbc:ID schemeAgencyID="EU-COM-GROW" schemeVersionID="1.0">7c2aec9f-4876-4c33-89e6-2ab6d6cf5d02</cbc:ID>
                    <ccv:Requirement responseDataType="INDICATOR">
                        <cbc:ID schemeID="CriterionRelatedIDs" schemeAgencyID="EU-COM-GROW" schemeVersionID="1.0">9b4497e6-a166-46f9-8581-7fc39ff975c4</cbc:ID>
                        <cbc:Description>Has this breach of obligations been established by means other than a judicial or administrative decision?</cbc:Description>
                    </ccv:Requirement>
                    <ccv:RequirementGroup pi="GROUP_FULFILLED.ON_TRUE">
                        <cbc:ID schemeAgencyID="EU-COM-GROW" schemeVersionID="1.0">3cb7abf1-662a-4756-b61c-7bc716c1fafc</cbc:ID>
                        <ccv:Requirement responseDataType="DESCRIPTION">
                            <cbc:ID schemeID="CriterionRelatedIDs" schemeAgencyID="EU-COM-GROW" schemeVersionID="1.0">201f11c3-1fa2-4464-acc0-f021266fd881</cbc:ID>
                            <cbc:Description>Please describe which means were used</cbc:Description>
                        </ccv:Requirement>
                    </ccv:RequirementGroup>
                </ccv:RequirementGroup>
                <ccv:RequirementGroup>
                    <cbc:ID schemeAgencyID="EU-COM-GROW" schemeVersionID="1.0">c882afa4-6971-4b00-8970-0c283eb122cc</cbc:ID>
                    <ccv:Requirement responseDataType="INDICATOR">
                        <cbc:ID schemeID="CriterionRelatedIDs" schemeAgencyID="EU-COM-GROW" schemeVersionID="1.0">08b0c984-c5e6-4143-8493-868c39745637</cbc:ID>
                        <cbc:Description>If this breach of obligations was established through a judicial or administrative decision, was this decision final and binding?</cbc:Description>
                    </ccv:Requirement>
                    <ccv:RequirementGroup pi="GROUP_FULFILLED.ON_TRUE">
                        <cbc:ID schemeAgencyID="EU-COM-GROW" schemeVersionID="1.0">815422d6-f8a1-418a-8bf0-3524f7c8f721</cbc:ID>
                        <ccv:Requirement responseDataType="DATE">
                            <cbc:ID schemeID="CriterionRelatedIDs" schemeAgencyID="EU-COM-GROW" schemeVersionID="1.0">ecf40999-7b64-4e10-b960-7f8ff8674cf6</cbc:ID>
                            <cbc:Description>Date of conviction</cbc:Description>
                        </ccv:Requirement>
                        <ccv:Requirement responseDataType="PERIOD">
                            <cbc:ID schemeID="CriterionRelatedIDs" schemeAgencyID="EU-COM-GROW" schemeVersionID="1.0">9ca9096f-edd2-4f19-b6b1-b55c83a2d5c8</cbc:ID>
                            <cbc:Description>Length of the period of exclusion</cbc:Description>
                        </ccv:Requirement>
                    </ccv:RequirementGroup>
                </ccv:RequirementGroup>
                <ccv:RequirementGroup>
                    <cbc:ID schemeAgencyID="EU-COM-GROW" schemeVersionID="1.0">fc57e473-d63e-4a04-b589-dcf81cab8052</cbc:ID>
                    <ccv:Requirement responseDataType="INDICATOR">
                        <cbc:ID schemeID="CriterionRelatedIDs" schemeAgencyID="EU-COM-GROW" schemeVersionID="1.0">70f8697b-8953-411a-a489-4ff62e5250d2</cbc:ID>
                        <cbc:Description>Has the economic operator fulfilled its obligations by paying or entering into a binding arrangement with a view to paying the taxes or social security contributions due, including, where applicable, any interest accrued or fines?</cbc:Description>
                    </ccv:Requirement>
                    <ccv:RequirementGroup pi="GROUP_FULFILLED.ON_TRUE">
                        <cbc:ID schemeAgencyID="EU-COM-GROW" schemeVersionID="1.0">6c3609e1-9add-4fa9-9409-62ce72ae4548</cbc:ID>
                        <ccv:Requirement responseDataType="DESCRIPTION">
                            <cbc:ID schemeID="CriterionRelatedIDs" schemeAgencyID="EU-COM-GROW" schemeVersionID="1.0">55905dd0-38f0-4f93-8c74-5ae05a21afc5</cbc:ID>
                            <cbc:Description>Please describe them</cbc:Description>
                        </ccv:Requirement>
                    </ccv:RequirementGroup>
                </ccv:RequirementGroup>
            </ccv:RequirementGroup>
        </ccv:RequirementGroup>
        <ccv:RequirementGroup>
            <cbc:ID schemeAgencyID="EU-COM-GROW" schemeVersionID="1.0">7458d42a-e581-4640-9283-34ceb3ad4345</cbc:ID>
            <ccv:Requirement responseDataType="INDICATOR">
                <cbc:ID schemeID="CriterionRelatedIDs" schemeAgencyID="EU-COM-GROW" schemeVersionID="1.0">c1347b74-1872-4060-a6db-f4044edcd7c4</cbc:ID>
                <cbc:Description>Is this information available electronically?</cbc:Description>
            </ccv:Requirement>
            <ccv:RequirementGroup pi="GROUP_FULFILLED.ON_TRUE">
                <cbc:ID schemeAgencyID="EU-COM-GROW" schemeVersionID="1.0">41dd2e9b-1bfd-44c7-93ee-56bd74a4334b</cbc:ID>
                <ccv:Requirement responseDataType="EVIDENCE_URL">
                    <cbc:ID schemeID="CriterionRelatedIDs" schemeAgencyID="EU-COM-GROW" schemeVersionID="1.0">f4313bb6-21b6-499e-bdff-debe10e11d2c</cbc:ID>
                    <cbc:Description>URL</cbc:Description>
                </ccv:Requirement>
                <ccv:Requirement responseDataType="CODE">
                    <cbc:ID schemeID="CriterionRelatedIDs" schemeAgencyID="EU-COM-GROW" schemeVersionID="1.0">1f1cd18e-3e01-4ca2-af4c-e2981924ba8d</cbc:ID>
                    <cbc:Description>Code</cbc:Description>
                </ccv:Requirement>
                <ccv:Requirement responseDataType="DESCRIPTION">
                    <cbc:ID schemeID="CriterionRelatedIDs" schemeAgencyID="EU-COM-GROW" schemeVersionID="1.0">c3ccfa31-0c5e-4e3a-a3fd-db9fb83d78d4</cbc:ID>
                    <cbc:Description>Issuer</cbc:Description>
                </ccv:Requirement>
            </ccv:RequirementGroup>
        </ccv:RequirementGroup>
    </ccv:Criterion>
    <ccv:Criterion>
        <cbc:ID schemeID="CriteriaID" schemeAgencyID="EU-COM-GROW" schemeVersionID="1.0">7d85e333-bbab-49c0-be8d-c36d71a72f5e</cbc:ID>
        <cbc:TypeCode listID="CriteriaTypeCode" listAgencyID="EU-COM-GROW" listVersionID="1.0.2">CRITERION.EXCLUSION.CONTRIBUTIONS.PAYMENT_OF_SOCIAL_SECURITY</cbc:TypeCode>
        <cbc:Name>Payment of social security contributions</cbc:Name>
        <cbc:Description>Has the economic operator breached its obligations relating to the payment social security contributions, both in the country in which it is established and in Member State of the contracting authority or contracting entity if other than the country of establishment?</cbc:Description>
        <ccv:LegislationReference>
            <ccv-cbc:Title>DIRECTIVE 2014/24/EU OF THE EUROPEAN PARLIAMENT AND OF THE COUNCIL of 26 February 2014 on public procurement and repealing Directive 2004/18/EC</ccv-cbc:Title>
            <cbc:Description>Directive 2014/24/EU</cbc:Description>
            <ccv-cbc:JurisdictionLevelCode listID="CriterionJurisdictionLevel" listAgencyID="EU-COM-GROW" listVersionID="1.0.2">EU_DIRECTIVE</ccv-cbc:JurisdictionLevelCode>
            <ccv-cbc:Article>57(2)</ccv-cbc:Article>
            <cbc:URI>http://eur-lex.europa.eu/legal-content/EN/TXT/?uri=celex:32014L0024</cbc:URI>
        </ccv:LegislationReference>
        <ccv:RequirementGroup>
            <cbc:ID schemeAgencyID="EU-COM-GROW" schemeVersionID="1.0">098fd3cc-466e-4233-af1a-affe09471bce</cbc:ID>
            <ccv:Requirement responseDataType="INDICATOR">
                <cbc:ID schemeID="CriterionRelatedIDs" schemeAgencyID="EU-COM-GROW" schemeVersionID="1.0">974c8196-9d1c-419c-9ca9-45bb9f5fd59a</cbc:ID>
                <cbc:Description>Your answer?</cbc:Description>
            </ccv:Requirement>
            <ccv:RequirementGroup pi="GROUP_FULFILLED.ON_TRUE">
                <cbc:ID schemeAgencyID="EU-COM-GROW" schemeVersionID="1.0">f8499787-f9f8-4355-95e2-9784426f4d7b</cbc:ID>
                <ccv:Requirement responseDataType="CODE_COUNTRY">
                    <cbc:ID schemeID="CriterionRelatedIDs" schemeAgencyID="EU-COM-GROW" schemeVersionID="1.0">6c87d3d4-e8eb-4253-b385-6373020ab886</cbc:ID>
                    <cbc:Description>Country or member state concerned</cbc:Description>
                </ccv:Requirement>
                <ccv:Requirement responseDataType="AMOUNT">
                    <cbc:ID schemeID="CriterionRelatedIDs" schemeAgencyID="EU-COM-GROW" schemeVersionID="1.0">9052cc59-cfe5-41c6-a314-02a7f378ffe8</cbc:ID>
                    <cbc:Description>Amount concerned</cbc:Description>
                </ccv:Requirement>
                <ccv:RequirementGroup>
                    <cbc:ID schemeAgencyID="EU-COM-GROW" schemeVersionID="1.0">7c2aec9f-4876-4c33-89e6-2ab6d6cf5d02</cbc:ID>
                    <ccv:Requirement responseDataType="INDICATOR">
                        <cbc:ID schemeID="CriterionRelatedIDs" schemeAgencyID="EU-COM-GROW" schemeVersionID="1.0">9b4497e6-a166-46f9-8581-7fc39ff975c4</cbc:ID>
                        <cbc:Description>Has this breach of obligations been established by means other than a judicial or administrative decision?</cbc:Description>
                    </ccv:Requirement>
                    <ccv:RequirementGroup pi="GROUP_FULFILLED.ON_TRUE">
                        <cbc:ID schemeAgencyID="EU-COM-GROW" schemeVersionID="1.0">3cb7abf1-662a-4756-b61c-7bc716c1fafc</cbc:ID>
                        <ccv:Requirement responseDataType="DESCRIPTION">
                            <cbc:ID schemeID="CriterionRelatedIDs" schemeAgencyID="EU-COM-GROW" schemeVersionID="1.0">201f11c3-1fa2-4464-acc0-f021266fd881</cbc:ID>
                            <cbc:Description>Please describe which means were used</cbc:Description>
                        </ccv:Requirement>
                    </ccv:RequirementGroup>
                </ccv:RequirementGroup>
                <ccv:RequirementGroup>
                    <cbc:ID schemeAgencyID="EU-COM-GROW" schemeVersionID="1.0">c882afa4-6971-4b00-8970-0c283eb122cc</cbc:ID>
                    <ccv:Requirement responseDataType="INDICATOR">
                        <cbc:ID schemeID="CriterionRelatedIDs" schemeAgencyID="EU-COM-GROW" schemeVersionID="1.0">08b0c984-c5e6-4143-8493-868c39745637</cbc:ID>
                        <cbc:Description>If this breach of obligations was established through a judicial or administrative decision, was this decision final and binding?</cbc:Description>
                    </ccv:Requirement>
                    <ccv:RequirementGroup pi="GROUP_FULFILLED.ON_TRUE">
                        <cbc:ID schemeAgencyID="EU-COM-GROW" schemeVersionID="1.0">815422d6-f8a1-418a-8bf0-3524f7c8f721</cbc:ID>
                        <ccv:Requirement responseDataType="DATE">
                            <cbc:ID schemeID="CriterionRelatedIDs" schemeAgencyID="EU-COM-GROW" schemeVersionID="1.0">ecf40999-7b64-4e10-b960-7f8ff8674cf6</cbc:ID>
                            <cbc:Description>Date of conviction</cbc:Description>
                        </ccv:Requirement>
                        <ccv:Requirement responseDataType="PERIOD">
                            <cbc:ID schemeID="CriterionRelatedIDs" schemeAgencyID="EU-COM-GROW" schemeVersionID="1.0">9ca9096f-edd2-4f19-b6b1-b55c83a2d5c8</cbc:ID>
                            <cbc:Description>Length of the period of exclusion</cbc:Description>
                        </ccv:Requirement>
                    </ccv:RequirementGroup>
                </ccv:RequirementGroup>
                <ccv:RequirementGroup>
                    <cbc:ID schemeAgencyID="EU-COM-GROW" schemeVersionID="1.0">fc57e473-d63e-4a04-b589-dcf81cab8052</cbc:ID>
                    <ccv:Requirement responseDataType="INDICATOR">
                        <cbc:ID schemeID="CriterionRelatedIDs" schemeAgencyID="EU-COM-GROW" schemeVersionID="1.0">70f8697b-8953-411a-a489-4ff62e5250d2</cbc:ID>
                        <cbc:Description>Has the economic operator fulfilled its obligations by paying or entering into a binding arrangement with a view to paying the taxes or social security contributions due, including, where applicable, any interest accrued or fines?</cbc:Description>
                    </ccv:Requirement>
                    <ccv:RequirementGroup pi="GROUP_FULFILLED.ON_TRUE">
                        <cbc:ID schemeAgencyID="EU-COM-GROW" schemeVersionID="1.0">6c3609e1-9add-4fa9-9409-62ce72ae4548</cbc:ID>
                        <ccv:Requirement responseDataType="DESCRIPTION">
                            <cbc:ID schemeID="CriterionRelatedIDs" schemeAgencyID="EU-COM-GROW" schemeVersionID="1.0">55905dd0-38f0-4f93-8c74-5ae05a21afc5</cbc:ID>
                            <cbc:Description>Please describe them</cbc:Description>
                        </ccv:Requirement>
                    </ccv:RequirementGroup>
                </ccv:RequirementGroup>
            </ccv:RequirementGroup>
        </ccv:RequirementGroup>
        <ccv:RequirementGroup>
            <cbc:ID schemeAgencyID="EU-COM-GROW" schemeVersionID="1.0">7458d42a-e581-4640-9283-34ceb3ad4345</cbc:ID>
            <ccv:Requirement responseDataType="INDICATOR">
                <cbc:ID schemeID="CriterionRelatedIDs" schemeAgencyID="EU-COM-GROW" schemeVersionID="1.0">c1347b74-1872-4060-a6db-f4044edcd7c4</cbc:ID>
                <cbc:Description>Is this information available electronically?</cbc:Description>
            </ccv:Requirement>
            <ccv:RequirementGroup pi="GROUP_FULFILLED.ON_TRUE">
                <cbc:ID schemeAgencyID="EU-COM-GROW" schemeVersionID="1.0">41dd2e9b-1bfd-44c7-93ee-56bd74a4334b</cbc:ID>
                <ccv:Requirement responseDataType="EVIDENCE_URL">
                    <cbc:ID schemeID="CriterionRelatedIDs" schemeAgencyID="EU-COM-GROW" schemeVersionID="1.0">f4313bb6-21b6-499e-bdff-debe10e11d2c</cbc:ID>
                    <cbc:Description>URL</cbc:Description>
                </ccv:Requirement>
                <ccv:Requirement responseDataType="CODE">
                    <cbc:ID schemeID="CriterionRelatedIDs" schemeAgencyID="EU-COM-GROW" schemeVersionID="1.0">1f1cd18e-3e01-4ca2-af4c-e2981924ba8d</cbc:ID>
                    <cbc:Description>Code</cbc:Description>
                </ccv:Requirement>
                <ccv:Requirement responseDataType="DESCRIPTION">
                    <cbc:ID schemeID="CriterionRelatedIDs" schemeAgencyID="EU-COM-GROW" schemeVersionID="1.0">c3ccfa31-0c5e-4e3a-a3fd-db9fb83d78d4</cbc:ID>
                    <cbc:Description>Issuer</cbc:Description>
                </ccv:Requirement>
            </ccv:RequirementGroup>
        </ccv:RequirementGroup>
    </ccv:Criterion>
    <ccv:Criterion>
        <cbc:ID schemeID="CriteriaID" schemeAgencyID="EU-COM-GROW" schemeVersionID="1.0">a34b70d6-c43d-4726-9a88-8e2b438424bf</cbc:ID>
        <cbc:TypeCode listID="CriteriaTypeCode" listAgencyID="EU-COM-GROW" listVersionID="1.0.2">CRITERION.EXCLUSION.SOCIAL.LABOUR_LAW</cbc:TypeCode>
        <cbc:Name>Breaching of obligations in the fields of labour law</cbc:Name>
        <cbc:Description>Has the economic operator, to its knowledge, breached its obligations in the fields of labour law? As referred to for the purposes of this procurement in national law, in the relevant notice or the procurement documents or in Article 18(2) of Directive 2014/24/EU.</cbc:Description>
        <ccv:LegislationReference>
            <ccv-cbc:Title>DIRECTIVE 2014/24/EU OF THE EUROPEAN PARLIAMENT AND OF THE COUNCIL of 26 February 2014 on public procurement and repealing Directive 2004/18/EC</ccv-cbc:Title>
            <cbc:Description>Directive 2014/24/EU</cbc:Description>
            <ccv-cbc:JurisdictionLevelCode listID="CriterionJurisdictionLevel" listAgencyID="EU-COM-GROW" listVersionID="1.0.2">EU_DIRECTIVE</ccv-cbc:JurisdictionLevelCode>
            <ccv-cbc:Article>57(4)</ccv-cbc:Article>
            <cbc:URI>http://eur-lex.europa.eu/legal-content/EN/TXT/?uri=celex:32014L0024</cbc:URI>
        </ccv:LegislationReference>
        <ccv:RequirementGroup>
            <cbc:ID schemeAgencyID="EU-COM-GROW" schemeVersionID="1.0">976b5acb-c00f-46ca-8f83-5ce6abfdfe43</cbc:ID>
            <ccv:Requirement responseDataType="INDICATOR">
                <cbc:ID schemeID="CriterionRelatedIDs" schemeAgencyID="EU-COM-GROW" schemeVersionID="1.0">974c8196-9d1c-419c-9ca9-45bb9f5fd59a</cbc:ID>
                <cbc:Description>Your answer?</cbc:Description>
            </ccv:Requirement>
            <ccv:RequirementGroup pi="GROUP_FULFILLED.ON_TRUE">
                <cbc:ID schemeAgencyID="EU-COM-GROW" schemeVersionID="1.0">64a2102c-4af1-4ecb-97b3-0c41907ec0f6</cbc:ID>
                <ccv:Requirement responseDataType="DESCRIPTION">
                    <cbc:ID schemeID="CriterionRelatedIDs" schemeAgencyID="EU-COM-GROW" schemeVersionID="1.0">e098da8e-4717-4500-965f-f882d5b4e1ad</cbc:ID>
                    <cbc:Description>Please describe them</cbc:Description>
                </ccv:Requirement>
                <ccv:RequirementGroup>
                    <cbc:ID schemeAgencyID="EU-COM-GROW" schemeVersionID="1.0">5f9f09f7-f701-432c-9fdc-c22c124a74c9</cbc:ID>
                    <ccv:Requirement responseDataType="INDICATOR">
                        <cbc:ID schemeID="CriterionRelatedIDs" schemeAgencyID="EU-COM-GROW" schemeVersionID="1.0">20c5361b-7599-4ee6-b030-7f8323174d1e</cbc:ID>
                        <cbc:Description>Have you taken measures to demonstrate your reliability ("Self-Cleaning")?</cbc:Description>
                    </ccv:Requirement>
                    <ccv:RequirementGroup pi="GROUP_FULFILLED.ON_TRUE">
                        <cbc:ID schemeAgencyID="EU-COM-GROW" schemeVersionID="1.0">74e6c7b4-757b-4b40-ada6-fad6a997c310</cbc:ID>
                        <ccv:Requirement responseDataType="DESCRIPTION">
                            <cbc:ID schemeID="CriterionRelatedIDs" schemeAgencyID="EU-COM-GROW" schemeVersionID="1.0">7b07904f-e080-401a-a3a1-9a3efeeda54b</cbc:ID>
                            <cbc:Description>Please describe them</cbc:Description>
                        </ccv:Requirement>
                    </ccv:RequirementGroup>
                </ccv:RequirementGroup>
            </ccv:RequirementGroup>
        </ccv:RequirementGroup>
    </ccv:Criterion>
    <ccv:Criterion>
        <cbc:ID schemeID="CriteriaID" schemeAgencyID="EU-COM-GROW" schemeVersionID="1.0">56d13e3d-76e8-4f23-8af6-13e60a2ee356</cbc:ID>
        <cbc:TypeCode listID="CriteriaTypeCode" listAgencyID="EU-COM-GROW" listVersionID="1.0.2">CRITERION.EXCLUSION.MISCONDUCT.MARKET_DISTORTION</cbc:TypeCode>
        <cbc:Name>Agreements with other economic operators aimed at distorting competition</cbc:Name>
        <cbc:Description>Has the economic operator entered into agreements with other economic operators aimed at distorting competition?</cbc:Description>
        <ccv:LegislationReference>
            <ccv-cbc:Title>DIRECTIVE 2014/24/EU OF THE EUROPEAN PARLIAMENT AND OF THE COUNCIL of 26 February 2014 on public procurement and repealing Directive 2004/18/EC</ccv-cbc:Title>
            <cbc:Description>Directive 2014/24/EU</cbc:Description>
            <ccv-cbc:JurisdictionLevelCode listID="CriterionJurisdictionLevel" listAgencyID="EU-COM-GROW" listVersionID="1.0.2">EU_DIRECTIVE</ccv-cbc:JurisdictionLevelCode>
            <ccv-cbc:Article>57(4)</ccv-cbc:Article>
            <cbc:URI>http://eur-lex.europa.eu/legal-content/EN/TXT/?uri=celex:32014L0024</cbc:URI>
        </ccv:LegislationReference>
        <ccv:RequirementGroup>
            <cbc:ID schemeAgencyID="EU-COM-GROW" schemeVersionID="1.0">67362ec7-cec3-4cb8-a38e-5d7a2a31e6d8</cbc:ID>
            <ccv:Requirement responseDataType="INDICATOR">
                <cbc:ID schemeID="CriterionRelatedIDs" schemeAgencyID="EU-COM-GROW" schemeVersionID="1.0">974c8196-9d1c-419c-9ca9-45bb9f5fd59a</cbc:ID>
                <cbc:Description>Your answer?</cbc:Description>
            </ccv:Requirement>
            <ccv:RequirementGroup pi="GROUP_FULFILLED.ON_TRUE">
                <cbc:ID schemeAgencyID="EU-COM-GROW" schemeVersionID="1.0">2cbcf978-765c-40aa-996b-b1d082485cef</cbc:ID>
                <ccv:Requirement responseDataType="DESCRIPTION">
                    <cbc:ID schemeID="CriterionRelatedIDs" schemeAgencyID="EU-COM-GROW" schemeVersionID="1.0">e098da8e-4717-4500-965f-f882d5b4e1ad</cbc:ID>
                    <cbc:Description>Please describe them</cbc:Description>
                </ccv:Requirement>
                <ccv:RequirementGroup>
                    <cbc:ID schemeAgencyID="EU-COM-GROW" schemeVersionID="1.0">5f9f09f7-f701-432c-9fdc-c22c124a74c9</cbc:ID>
                    <ccv:Requirement responseDataType="INDICATOR">
                        <cbc:ID schemeID="CriterionRelatedIDs" schemeAgencyID="EU-COM-GROW" schemeVersionID="1.0">20c5361b-7599-4ee6-b030-7f8323174d1e</cbc:ID>
                        <cbc:Description>Have you taken measures to demonstrate your reliability ("Self-Cleaning")?</cbc:Description>
                    </ccv:Requirement>
                    <ccv:RequirementGroup pi="GROUP_FULFILLED.ON_TRUE">
                        <cbc:ID schemeAgencyID="EU-COM-GROW" schemeVersionID="1.0">74e6c7b4-757b-4b40-ada6-fad6a997c310</cbc:ID>
                        <ccv:Requirement responseDataType="DESCRIPTION">
                            <cbc:ID schemeID="CriterionRelatedIDs" schemeAgencyID="EU-COM-GROW" schemeVersionID="1.0">7b07904f-e080-401a-a3a1-9a3efeeda54b</cbc:ID>
                            <cbc:Description>Please describe them</cbc:Description>
                        </ccv:Requirement>
                    </ccv:RequirementGroup>
                </ccv:RequirementGroup>
            </ccv:RequirementGroup>
        </ccv:RequirementGroup>
    </ccv:Criterion>
    <ccv:Criterion>
        <cbc:ID schemeID="CriteriaID" schemeAgencyID="EU-COM-GROW" schemeVersionID="1.0">61874050-5130-4f1c-a174-720939c7b483</cbc:ID>
        <cbc:TypeCode listID="CriteriaTypeCode" listAgencyID="EU-COM-GROW" listVersionID="1.0.2">CRITERION.EXCLUSION.CONFLICT_OF_INTEREST.PROCEDURE_PREPARATION</cbc:TypeCode>
        <cbc:Name>Direct or indirect involvement in the preparation of this procurement procedure</cbc:Name>
        <cbc:Description>Has the economic operator or an undertaking related to it advised the contracting authority or contracting entity or otherwise been involved in the preparation of the procurement procedure?</cbc:Description>
        <ccv:LegislationReference>
            <ccv-cbc:Title>DIRECTIVE 2014/24/EU OF THE EUROPEAN PARLIAMENT AND OF THE COUNCIL of 26 February 2014 on public procurement and repealing Directive 2004/18/EC</ccv-cbc:Title>
            <cbc:Description>Directive 2014/24/EU</cbc:Description>
            <ccv-cbc:JurisdictionLevelCode listID="CriterionJurisdictionLevel" listAgencyID="EU-COM-GROW" listVersionID="1.0.2">EU_DIRECTIVE</ccv-cbc:JurisdictionLevelCode>
            <ccv-cbc:Article>57(4)</ccv-cbc:Article>
            <cbc:URI>http://eur-lex.europa.eu/legal-content/EN/TXT/?uri=celex:32014L0024</cbc:URI>
        </ccv:LegislationReference>
        <ccv:RequirementGroup>
            <cbc:ID schemeAgencyID="EU-COM-GROW" schemeVersionID="1.0">77ae3f29-7c5f-4afa-af97-24afec48c5bf</cbc:ID>
            <ccv:Requirement responseDataType="INDICATOR">
                <cbc:ID schemeID="CriterionRelatedIDs" schemeAgencyID="EU-COM-GROW" schemeVersionID="1.0">974c8196-9d1c-419c-9ca9-45bb9f5fd59a</cbc:ID>
                <cbc:Description>Your answer?</cbc:Description>
            </ccv:Requirement>
            <ccv:RequirementGroup pi="GROUP_FULFILLED.ON_TRUE">
                <cbc:ID schemeAgencyID="EU-COM-GROW" schemeVersionID="1.0">73f0fe4c-4ed9-4343-8096-d898cf200146</cbc:ID>
                <ccv:Requirement responseDataType="DESCRIPTION">
                    <cbc:ID schemeID="CriterionRelatedIDs" schemeAgencyID="EU-COM-GROW" schemeVersionID="1.0">e098da8e-4717-4500-965f-f882d5b4e1ad</cbc:ID>
                    <cbc:Description>Please describe them</cbc:Description>
                </ccv:Requirement>
            </ccv:RequirementGroup>
        </ccv:RequirementGroup>
    </ccv:Criterion>
    <ccv:Criterion>
        <cbc:ID schemeID="CriteriaID" schemeAgencyID="EU-COM-GROW" schemeVersionID="1.0">63adb07d-db1b-4ef0-a14e-a99785cf8cf6</cbc:ID>
        <cbc:TypeCode listID="CriteriaTypeCode" listAgencyID="EU-COM-GROW" listVersionID="1.0.2">CRITERION.EXCLUSION.NATIONAL.OTHER</cbc:TypeCode>
        <cbc:Name>Purely national exclusion grounds</cbc:Name>
        <cbc:Description>Other exclusion grounds that may be foreseen in the national legislation of the contracting authority’s or contracting entity’s Member State. Do the purely national grounds of exclusion, which are specified in the relevant notice or in the procurement documents, apply?</cbc:Description>
        <ccv:LegislationReference>
            <ccv-cbc:Title>DIRECTIVE 2014/24/EU OF THE EUROPEAN PARLIAMENT AND OF THE COUNCIL of 26 February 2014 on public procurement and repealing Directive 2004/18/EC</ccv-cbc:Title>
            <cbc:Description>Directive 2014/24/EU</cbc:Description>
            <ccv-cbc:JurisdictionLevelCode listID="CriterionJurisdictionLevel" listAgencyID="EU-COM-GROW" listVersionID="1.0.2">EU_DIRECTIVE</ccv-cbc:JurisdictionLevelCode>
            <ccv-cbc:Article>57(4)</ccv-cbc:Article>
            <cbc:URI>http://eur-lex.europa.eu/legal-content/EN/TXT/?uri=celex:32014L0024</cbc:URI>
        </ccv:LegislationReference>
        <ccv:RequirementGroup>
            <cbc:ID schemeAgencyID="EU-COM-GROW" schemeVersionID="1.0">77ae3f29-7c5f-4afa-af97-24afec48c5bf</cbc:ID>
            <ccv:Requirement responseDataType="INDICATOR">
                <cbc:ID schemeID="CriterionRelatedIDs" schemeAgencyID="EU-COM-GROW" schemeVersionID="1.0">974c8196-9d1c-419c-9ca9-45bb9f5fd59a</cbc:ID>
                <cbc:Description>Your answer?</cbc:Description>
            </ccv:Requirement>
            <ccv:RequirementGroup pi="GROUP_FULFILLED.ON_TRUE">
                <cbc:ID schemeAgencyID="EU-COM-GROW" schemeVersionID="1.0">73f0fe4c-4ed9-4343-8096-d898cf200146</cbc:ID>
                <ccv:Requirement responseDataType="DESCRIPTION">
                    <cbc:ID schemeID="CriterionRelatedIDs" schemeAgencyID="EU-COM-GROW" schemeVersionID="1.0">e098da8e-4717-4500-965f-f882d5b4e1ad</cbc:ID>
                    <cbc:Description>Please describe them</cbc:Description>
                </ccv:Requirement>
                <ccv:RequirementGroup>
                    <cbc:ID schemeAgencyID="EU-COM-GROW" schemeVersionID="1.0">5f9f09f7-f701-432c-9fdc-c22c124a74c9</cbc:ID>
                    <ccv:Requirement responseDataType="INDICATOR">
                        <cbc:ID schemeID="CriterionRelatedIDs" schemeAgencyID="EU-COM-GROW" schemeVersionID="1.0">20c5361b-7599-4ee6-b030-7f8323174d1e</cbc:ID>
                        <cbc:Description>Have you taken measures to demonstrate your reliability ("Self-Cleaning")?</cbc:Description>
                    </ccv:Requirement>
                    <ccv:RequirementGroup pi="GROUP_FULFILLED.ON_TRUE">
                        <cbc:ID schemeAgencyID="EU-COM-GROW" schemeVersionID="1.0">74e6c7b4-757b-4b40-ada6-fad6a997c310</cbc:ID>
                        <ccv:Requirement responseDataType="DESCRIPTION">
                            <cbc:ID schemeID="CriterionRelatedIDs" schemeAgencyID="EU-COM-GROW" schemeVersionID="1.0">7b07904f-e080-401a-a3a1-9a3efeeda54b</cbc:ID>
                            <cbc:Description>Please describe them</cbc:Description>
                        </ccv:Requirement>
                    </ccv:RequirementGroup>
                </ccv:RequirementGroup>
            </ccv:RequirementGroup>
        </ccv:RequirementGroup>
        <ccv:RequirementGroup>
            <cbc:ID schemeAgencyID="EU-COM-GROW" schemeVersionID="1.0">7458d42a-e581-4640-9283-34ceb3ad4345</cbc:ID>
            <ccv:Requirement responseDataType="INDICATOR">
                <cbc:ID schemeID="CriterionRelatedIDs" schemeAgencyID="EU-COM-GROW" schemeVersionID="1.0">c1347b74-1872-4060-a6db-f4044edcd7c4</cbc:ID>
                <cbc:Description>Is this information available electronically?</cbc:Description>
            </ccv:Requirement>
            <ccv:RequirementGroup pi="GROUP_FULFILLED.ON_TRUE">
                <cbc:ID schemeAgencyID="EU-COM-GROW" schemeVersionID="1.0">41dd2e9b-1bfd-44c7-93ee-56bd74a4334b</cbc:ID>
                <ccv:Requirement responseDataType="EVIDENCE_URL">
                    <cbc:ID schemeID="CriterionRelatedIDs" schemeAgencyID="EU-COM-GROW" schemeVersionID="1.0">f4313bb6-21b6-499e-bdff-debe10e11d2c</cbc:ID>
                    <cbc:Description>URL</cbc:Description>
                </ccv:Requirement>
                <ccv:Requirement responseDataType="CODE">
                    <cbc:ID schemeID="CriterionRelatedIDs" schemeAgencyID="EU-COM-GROW" schemeVersionID="1.0">1f1cd18e-3e01-4ca2-af4c-e2981924ba8d</cbc:ID>
                    <cbc:Description>Code</cbc:Description>
                </ccv:Requirement>
                <ccv:Requirement responseDataType="DESCRIPTION">
                    <cbc:ID schemeID="CriterionRelatedIDs" schemeAgencyID="EU-COM-GROW" schemeVersionID="1.0">c3ccfa31-0c5e-4e3a-a3fd-db9fb83d78d4</cbc:ID>
                    <cbc:Description>Issuer</cbc:Description>
                </ccv:Requirement>
            </ccv:RequirementGroup>
        </ccv:RequirementGroup>
    </ccv:Criterion>
    <ccv:Criterion>
        <cbc:ID schemeID="CriteriaID" schemeAgencyID="EU-COM-GROW" schemeVersionID="1.0">7e7db838-eeac-46d9-ab39-42927486f22d</cbc:ID>
        <cbc:TypeCode listID="CriteriaTypeCode" listAgencyID="EU-COM-GROW" listVersionID="1.0.2">CRITERION.SELECTION.ALL_SATISFIED</cbc:TypeCode>
        <cbc:Name>All selection criteria will be satisfied</cbc:Name>
        <cbc:Description>It satisfies all the required selection criteria indicated in the relevant notice or in the procurement documents referred to in the notice.</cbc:Description>
        <ccv:RequirementGroup>
            <cbc:ID schemeAgencyID="EU-COM-GROW" schemeVersionID="1.0">f3a6836d-2de2-4cd1-81ca-fb06178d05c5</cbc:ID>
            <ccv:Requirement responseDataType="INDICATOR">
                <cbc:ID schemeID="CriterionRelatedIDs" schemeAgencyID="EU-COM-GROW" schemeVersionID="1.0">15335c12-ad77-4728-b5ad-3c06a60d65a4</cbc:ID>
                <cbc:Description>Your answer?</cbc:Description>
            </ccv:Requirement>
        </ccv:RequirementGroup>
    </ccv:Criterion>
    <ccv:Criterion>
        <cbc:ID schemeID="CriteriaID" schemeAgencyID="EU-COM-GROW" schemeVersionID="1.0">2043338f-a38a-490b-b3ec-2607cb25a017</cbc:ID>
        <cbc:TypeCode listID="CriteriaTypeCode" listAgencyID="EU-COM-GROW" listVersionID="1.0.2">CRITERION.OTHER.EO_DATA.SHELTERED_WORKSHOP</cbc:TypeCode>
        <cbc:Name>Procurement reserved</cbc:Name>
        <cbc:Description>Only in case the procurement is reserved: is the economic operator a sheltered workshop, a 'social business' or will it provide for the performance of the contract in the context of sheltered employment programmes?</cbc:Description>
        <ccv:RequirementGroup>
            <cbc:ID schemeAgencyID="EU-COM-GROW" schemeVersionID="1.0">6febbe4a-e715-427c-a2b1-19cfabadaef0</cbc:ID>
            <ccv:Requirement responseDataType="INDICATOR">
                <cbc:ID schemeID="CriterionRelatedIDs" schemeAgencyID="EU-COM-GROW" schemeVersionID="1.0">7f18c64e-ae09-4646-9400-f3666d50af51</cbc:ID>
                <cbc:Description>Your answer</cbc:Description>
            </ccv:Requirement>
            <ccv:RequirementGroup pi="GROUP_FULFILLED.ON_TRUE">
                <cbc:ID schemeAgencyID="EU-COM-GROW" schemeVersionID="1.0">a5e33369-e2b5-45f7-9969-ddb1c3ae17c8</cbc:ID>
                <ccv:Requirement responseDataType="PERCENTAGE">
                    <cbc:ID schemeID="CriterionRelatedIDs" schemeAgencyID="EU-COM-GROW" schemeVersionID="1.0">4e552658-d532-4770-943b-b90efcc9788d</cbc:ID>
                    <cbc:Description>What is the corresponding percentage of disabled or disadvantaged workers?</cbc:Description>
                </ccv:Requirement>
                <ccv:Requirement responseDataType="DESCRIPTION">
                    <cbc:ID schemeID="CriterionRelatedIDs" schemeAgencyID="EU-COM-GROW" schemeVersionID="1.0">e01d0929-c7a9-455a-aaf9-e1f7cd966336</cbc:ID>
                    <cbc:Description>If required, please provide details on whether the employees concerned belong to a specific category of disabled or disadvantaged workers?</cbc:Description>
                </ccv:Requirement>
            </ccv:RequirementGroup>
        </ccv:RequirementGroup>
    </ccv:Criterion>
    <ccv:Criterion>
        <cbc:ID schemeID="CriteriaID" schemeAgencyID="EU-COM-GROW" schemeVersionID="1.0">9b19e869-6c89-4cc4-bd6c-ac9ca8602165</cbc:ID>
        <cbc:TypeCode listID="CriteriaTypeCode" listAgencyID="EU-COM-GROW" listVersionID="1.0.2">CRITERION.OTHER.EO_DATA.REGISTERED_IN_OFFICIAL_LIST</cbc:TypeCode>
        <cbc:Name>EO registered</cbc:Name>
        <cbc:Description>If applicable, is the economic operator registered on an official list of approved economic operators or does it have an equivalent certificate (e.g. under a national (pre)qualification system)?</cbc:Description>
        <ccv:RequirementGroup>
            <cbc:ID schemeAgencyID="EU-COM-GROW" schemeVersionID="1.0">64162276-7014-408f-a9af-080426bfe1fd</cbc:ID>
            <ccv:RequirementGroup pi="GROUP_FULFILLED.ON_FALSE">
                <cbc:ID schemeAgencyID="EU-COM-GROW" schemeVersionID="1.0">ecb5127b-9018-4fb8-8327-a6a7a2c73195</cbc:ID>
                <ccv:Requirement responseDataType="INDICATOR">
                    <cbc:ID schemeID="CriterionRelatedIDs" schemeAgencyID="EU-COM-GROW" schemeVersionID="1.0">7f18c64e-ae09-4646-9400-f3666d50af51</cbc:ID>
                    <cbc:Description>Your answer</cbc:Description>
                </ccv:Requirement>
                <ccv:RequirementGroup pi="GROUP_FULFILLED.ON_TRUE">
                    <cbc:ID schemeAgencyID="EU-COM-GROW" schemeVersionID="1.0">dc4acf0c-c761-40d0-b031-4ee1f224be5c</cbc:ID>
                    <ccv:Requirement responseDataType="DESCRIPTION">
                        <cbc:ID schemeID="CriterionRelatedIDs" schemeAgencyID="EU-COM-GROW" schemeVersionID="1.0">30064ad3-fc11-4579-8528-fdd0b9a5ba75</cbc:ID>
                        <cbc:Description>a) Please provide the relevant registration or certification number, if applicable:</cbc:Description>
                    </ccv:Requirement>
                    <ccv:Requirement responseDataType="DESCRIPTION">
                        <cbc:ID schemeID="CriterionRelatedIDs" schemeAgencyID="EU-COM-GROW" schemeVersionID="1.0">b3403349-cbc0-4d84-879e-fc0f2d90ecbd</cbc:ID>
                        <cbc:Description>b) If the certificate of registration or certification is available electronically, please state:</cbc:Description>
                    </ccv:Requirement>
                    <ccv:Requirement responseDataType="DESCRIPTION">
                        <cbc:ID schemeID="CriterionRelatedIDs" schemeAgencyID="EU-COM-GROW" schemeVersionID="1.0">792ff522-6f3f-4a62-ab6e-a8b272bc290e</cbc:ID>
                        <cbc:Description>c) Please state the references on which the registration or certification is based, and, where applicable, the classification obtained in the official list:</cbc:Description>
                    </ccv:Requirement>
                    <ccv:RequirementGroup>
                        <cbc:ID schemeAgencyID="EU-COM-GROW" schemeVersionID="1.0">92e44d3b-af8e-4a29-91a8-24d27aa27fee</cbc:ID>
                        <ccv:Requirement responseDataType="INDICATOR">
                            <cbc:ID schemeID="CriterionRelatedIDs" schemeAgencyID="EU-COM-GROW" schemeVersionID="1.0">d9996ef5-49f9-4cf8-a2f5-31c9f4efd894</cbc:ID>
                            <cbc:Description>d) Does the registration or certification cover all of the required selection criteria?</cbc:Description>
                        </ccv:Requirement>
                    </ccv:RequirementGroup>
                </ccv:RequirementGroup>
                <ccv:RequirementGroup pi="GROUP_FULFILLED.ON_FALSE">
                    <cbc:ID schemeAgencyID="EU-COM-GROW" schemeVersionID="1.0">59e6f3ef-15cd-4e21-82ac-ea497ccd44e2</cbc:ID>
                    <ccv:Requirement responseDataType="INDICATOR">
                        <cbc:ID schemeID="CriterionRelatedIDs" schemeAgencyID="EU-COM-GROW" schemeVersionID="1.0">0e71abd3-198e-49c5-8128-5708617bb191</cbc:ID>
                        <cbc:Description>e) Will the economic operator be able to provide a certificate with regard to the payment of social security contributions and taxes or provide information enabling the contracting authority or contracting entity to obtaining it directly by accessing a national database in any Member State that is available free of charge?</cbc:Description>
                    </ccv:Requirement>
                    <ccv:Requirement responseDataType="DESCRIPTION">
                        <cbc:ID schemeID="CriterionRelatedIDs" schemeAgencyID="EU-COM-GROW" schemeVersionID="1.0">caa72cea-5443-49fb-84ba-ab6c64427f77</cbc:ID>
                        <cbc:Description>If the relevant documentation is available electronically, please indicate:</cbc:Description>
                    </ccv:Requirement>
                </ccv:RequirementGroup>
            </ccv:RequirementGroup>
        </ccv:RequirementGroup>
    </ccv:Criterion>
    <ccv:Criterion>
        <cbc:ID schemeID="CriteriaID" schemeAgencyID="EU-COM-GROW" schemeVersionID="1.0">ee51100f-8e3e-40c9-8f8b-57d5a15be1f2</cbc:ID>
        <cbc:TypeCode listID="CriteriaTypeCode" listAgencyID="EU-COM-GROW" listVersionID="1.0.2">CRITERION.OTHER.EO_DATA.TOGETHER_WITH_OTHERS</cbc:TypeCode>
        <cbc:Name>EO participating in procurement procedure</cbc:Name>
        <cbc:Description>Is the economic operator participating in the procurement procedure together with others?</cbc:Description>
        <ccv:RequirementGroup>
            <cbc:ID schemeAgencyID="EU-COM-GROW" schemeVersionID="1.0">d939f2c6-ba25-4dc4-889c-11d1853add19</cbc:ID>
            <ccv:Requirement responseDataType="INDICATOR">
                <cbc:ID schemeID="CriterionRelatedIDs" schemeAgencyID="EU-COM-GROW" schemeVersionID="1.0">7f18c64e-ae09-4646-9400-f3666d50af51</cbc:ID>
                <cbc:Description>Your answer</cbc:Description>
            </ccv:Requirement>
            <ccv:RequirementGroup pi="GROUP_FULFILLED.ON_TRUE">
                <cbc:ID schemeAgencyID="EU-COM-GROW" schemeVersionID="1.0">f5663c5a-d311-4ae4-be14-1575754be5f2</cbc:ID>
                <ccv:Requirement responseDataType="DESCRIPTION">
                    <cbc:ID schemeID="CriterionRelatedIDs" schemeAgencyID="EU-COM-GROW" schemeVersionID="1.0">907fd62b-02f1-452c-81a8-785bedb0c536</cbc:ID>
                    <cbc:Description>a) Please indicate the role of the economic operator in the group (leader, responsible for specific tasks...):</cbc:Description>
                </ccv:Requirement>
                <ccv:Requirement responseDataType="DESCRIPTION">
                    <cbc:ID schemeID="CriterionRelatedIDs" schemeAgencyID="EU-COM-GROW" schemeVersionID="1.0">7c267f95-a3a7-49ef-abd9-e121dcd641a9</cbc:ID>
                    <cbc:Description>b) Please identify the other economic operators participating in the procurement procedure together:</cbc:Description>
                </ccv:Requirement>
                <ccv:Requirement responseDataType="DESCRIPTION">
                    <cbc:ID schemeID="CriterionRelatedIDs" schemeAgencyID="EU-COM-GROW" schemeVersionID="1.0">96f38793-4469-4153-aba6-c613282cdbdc</cbc:ID>
                    <cbc:Description>c) Where applicable, name of the participating group:</cbc:Description>
                </ccv:Requirement>
            </ccv:RequirementGroup>
        </ccv:RequirementGroup>
    </ccv:Criterion>
    <ccv:Criterion>
        <cbc:ID schemeID="CriteriaID" schemeAgencyID="EU-COM-GROW" schemeVersionID="1.0">0d62c6ed-f074-4fcf-8e9f-f691351d52ad</cbc:ID>
        <cbc:TypeCode listID="CriteriaTypeCode" listAgencyID="EU-COM-GROW" listVersionID="1.0.2">CRITERION.OTHER.EO_DATA.RELIES_ON_OTHER_CAPACITIES</cbc:TypeCode>
        <cbc:Name>EO relies capacities</cbc:Name>
        <cbc:Description>Does the economic operator rely on the capacities of other entities in order to meet the selection criteria set out under Part IV and the criteria and rules (if any) set out under Part V below?</cbc:Description>
        <ccv:RequirementGroup>
            <cbc:ID schemeAgencyID="EU-COM-GROW" schemeVersionID="1.0">e688f7d6-dcef-4726-bc61-052e63ead60f</cbc:ID>
            <ccv:Requirement responseDataType="INDICATOR">
                <cbc:ID schemeID="CriterionRelatedIDs" schemeAgencyID="EU-COM-GROW" schemeVersionID="1.0">7f18c64e-ae09-4646-9400-f3666d50af51</cbc:ID>
                <cbc:Description>Your answer</cbc:Description>
            </ccv:Requirement>
        </ccv:RequirementGroup>
    </ccv:Criterion>
    <ccv:Criterion>
        <cbc:ID schemeID="CriteriaID" schemeAgencyID="EU-COM-GROW" schemeVersionID="1.0">72c0c4b1-ca50-4667-9487-461f3eed4ed7</cbc:ID>
        <cbc:TypeCode listID="CriteriaTypeCode" listAgencyID="EU-COM-GROW" listVersionID="1.0.2">CRITERION.OTHER.EO_DATA.SUBCONTRACTS_WITH_THIRD_PARTIES</cbc:TypeCode>
        <cbc:Name>Subcontracting third parties</cbc:Name>
        <cbc:Description>Does the economic operator intend to subcontract any share of the contract to third parties?</cbc:Description>
        <ccv:RequirementGroup>
            <cbc:ID schemeAgencyID="EU-COM-GROW" schemeVersionID="1.0">d5fe5a71-7fd3-4910-b6f4-5cd2a4d23524</cbc:ID>
            <ccv:Requirement responseDataType="INDICATOR">
                <cbc:ID schemeID="CriterionRelatedIDs" schemeAgencyID="EU-COM-GROW" schemeVersionID="1.0">7f18c64e-ae09-4646-9400-f3666d50af51</cbc:ID>
                <cbc:Description>Your answer</cbc:Description>
            </ccv:Requirement>
            <ccv:RequirementGroup pi="GROUP_FULFILLED.ON_TRUE">
                <cbc:ID schemeAgencyID="EU-COM-GROW" schemeVersionID="1.0">b638edf6-4f00-4e24-92c4-cf96846f2c17</cbc:ID>
                <ccv:Requirement responseDataType="DESCRIPTION">
                    <cbc:ID schemeID="CriterionRelatedIDs" schemeAgencyID="EU-COM-GROW" schemeVersionID="1.0">999c7fe2-61cd-4e86-b76f-e280304dc8c9</cbc:ID>
                    <cbc:Description>If yes and in so far as known, please list the proposed subcontractors:</cbc:Description>
                </ccv:Requirement>
            </ccv:RequirementGroup>
        </ccv:RequirementGroup>
    </ccv:Criterion>
    <ccv:Criterion>
        <cbc:ID schemeID="CriteriaID" schemeAgencyID="EU-COM-GROW" schemeVersionID="1.0">9c70375e-1264-407e-8b50-b9736bc08901</cbc:ID>
        <cbc:TypeCode listID="CriteriaTypeCode" listAgencyID="EU-COM-GROW" listVersionID="1.0.2">CRITERION.OTHER.EO_DATA.MEETS_THE_OBJECTIVE</cbc:TypeCode>
        <cbc:Name>It meets the objective and non discriminatory criteria or rules to be applied in order to limit the number of candidates in the following way: In case certain certificates or other forms of documentary evidence are required, please indicate for each whether the economic operator has the required documents:</cbc:Name>
        <cbc:Description>If some of these certificates or forms of documentary evidence are available electronically, please indicate for each:</cbc:Description>
        <ccv:RequirementGroup>
            <cbc:ID schemeAgencyID="EU-COM-GROW" schemeVersionID="1.0">3e5c2859-68a7-4312-92e4-01ae79c00cb8</cbc:ID>
            <ccv:Requirement responseDataType="INDICATOR">
                <cbc:ID schemeID="CriterionRelatedIDs" schemeAgencyID="EU-COM-GROW" schemeVersionID="1.0">7f18c64e-ae09-4646-9400-f3666d50af51</cbc:ID>
                <cbc:Description>Your answer</cbc:Description>
            </ccv:Requirement>
            <ccv:RequirementGroup pi="GROUP_FULFILLED.ON_TRUE">
                <cbc:ID schemeAgencyID="EU-COM-GROW" schemeVersionID="1.0">6066950e-3049-4b4e-86e7-2454f1fb3780</cbc:ID>
                <ccv:Requirement responseDataType="DESCRIPTION">
                    <cbc:ID schemeID="CriterionRelatedIDs" schemeAgencyID="EU-COM-GROW" schemeVersionID="1.0">323f19b5-3308-4873-b2d1-767963cc81e9</cbc:ID>
                    <cbc:Description>Please describe them</cbc:Description>
                </ccv:Requirement>
            </ccv:RequirementGroup>
        </ccv:RequirementGroup>
        <ccv:RequirementGroup>
            <cbc:ID schemeAgencyID="EU-COM-GROW" schemeVersionID="1.0">ab335516-73a4-41f7-977b-a98c13a51060</cbc:ID>
            <ccv:Requirement responseDataType="INDICATOR">
                <cbc:ID schemeID="CriterionRelatedIDs" schemeAgencyID="EU-COM-GROW" schemeVersionID="1.0">0622bbd1-7378-45e1-8fb9-25429740ac22</cbc:ID>
                <cbc:Description>Is this information available electronically?</cbc:Description>
            </ccv:Requirement>
            <ccv:RequirementGroup pi="GROUP_FULFILLED.ON_TRUE">
                <cbc:ID schemeAgencyID="EU-COM-GROW" schemeVersionID="1.0">8e7e890c-d117-44c8-aa48-cc236d26b475</cbc:ID>
                <ccv:Requirement responseDataType="EVIDENCE_URL">
                    <cbc:ID schemeID="CriterionRelatedIDs" schemeAgencyID="EU-COM-GROW" schemeVersionID="1.0">ee1ee1cd-3791-4855-8b8b-28d4f4c5c007</cbc:ID>
                    <cbc:Description>URL</cbc:Description>
                </ccv:Requirement>
                <ccv:Requirement responseDataType="CODE">
                    <cbc:ID schemeID="CriterionRelatedIDs" schemeAgencyID="EU-COM-GROW" schemeVersionID="1.0">1e55ff14-c643-4abc-91d7-2f4dfcdf2409</cbc:ID>
                    <cbc:Description>Code</cbc:Description>
                </ccv:Requirement>
                <ccv:Requirement responseDataType="DESCRIPTION">
                    <cbc:ID schemeID="CriterionRelatedIDs" schemeAgencyID="EU-COM-GROW" schemeVersionID="1.0">d8e1e818-d67b-4bb9-9aeb-4c10943a8342</cbc:ID>
                    <cbc:Description>Issuer</cbc:Description>
                </ccv:Requirement>
            </ccv:RequirementGroup>
        </ccv:RequirementGroup>
    </ccv:Criterion>
    <cac:AdditionalDocumentReference>
        <cbc:ID schemeID="ISO/IEC 9834-8:2008 - 4UUID" schemeAgencyID="EU-COM-GROW" schemeAgencyName="DG GROW (European Commission)" schemeVersionID="1.1">2025/S 420-679___</cbc:ID>
        <cbc:DocumentTypeCode listID="ReferencesTypeCodes" listAgencyID="EU-COM-GROW" listVersionID="1.0">TED_CN</cbc:DocumentTypeCode>
        <cac:Attachment>
            <cac:ExternalReference>
                <cbc:FileName>Dostawa urządzeń drukujących dla Urzędu Miejskiego w Bielsku-Białej</cbc:FileName>
                <cbc:Description>Przedmiotem zamówienia jest dostawa urządzeń drukujących dla Urzędu Miejskiego w Bielsku-Białej, zgodnie ze szczegółowym „Opisem przedmiotu zamówienia” (Załącznik nr 3 do SWZ).</cbc:Description>
            </cac:ExternalReference>
        </cac:Attachment>
    </cac:AdditionalDocumentReference>
    <cac:AdditionalDocumentReference>
        <cbc:ID schemeAgencyID="EU-COM-GROW" schemeAgencyName="DG GROW (European Commission)" schemeVersionID="1.1">Dz.U. S: 122/2025</cbc:ID>
        <cbc:DocumentTypeCode listID="ReferencesTypeCodes" listAgencyID="EU-COM-GROW" listVersionID="1.0">NGOJ</cbc:DocumentTypeCode>
    </cac:AdditionalDocumentReference>
</espd-req:ESPDRequest>
